제목,링크,본문,날짜
개인채무자보호법 시행 개월금융위 채무조정이자감면 효과,https://n.news.naver.com/mnews/article/215/0001205167,금융당국이 개인채무자보호법 시행 이후 제도 안착 상황을 점검하고 계도기간 종료를 앞두고 금융현장의 대응을 주문했다금융위원회는 일 김소영 금융위 부위원장 주재로 금융감독원 은행연합회 여신금융협회 저축은행중앙회 등 관계기관과 함께 개인채무자보호법 시행상황 점검반 회의를 개최했다개인채무자보호법은 연체부터 채권추심 채권양도 등 채무자가 겪는 전 과정을 체계적으로 규율하기 위해 제정된 법으로 년 월 공포 이후 같은 해 월 일부터 시행됐다계도기간은 오는 일 종료된다이날 회의에서는 법 시행 이후 제도 운영 현황과 감독사항 금융업권별 이행상황 등이 논의됐다금융위는 제도 도입 초기임에도 현장에서 비교적 안정적으로 정착되고 있다고 평가했다자료  금융위원회채무자가 금융회사에 채무조정을 요청할 수 있는 권리가 신설된 이후 지난해 월 일부터 올해 월 일까지 총 만건의 신청이 접수됐으며 이 중 만건이 실제 채무조정으로 이어졌다조정 방식은 원리금 감면이 만건으로 가장 많았고 변제기간 연장 만건 분할변제 만건 순이었다연체이자 부과 금지 제도도 시행되면서 금융회사들은 총 만건의 채권에 대해 연체이자 부담을 경감한 것으로 집계됐다회수 가능성이 낮은 손금산입 채권에 대한 장래이자 면제 조치도 만건에 달했다실거주 주택에 대한 최소한의 주거권 보장을 위한 경매 유예제도 역시 일정 효과를 보였다억 원 이하 주택의 경우 경매 신청까지 개월 이상을 유예토록 한 조항에 따라 금융회사가 실제로 경매를 신청한 사례는 총 건으로 확인됐다한편 재난사고 등으로 추심을 유예받을 수 있는 추심유예제도는 총 건이 활용됐고 특정 시간이나 방식의 추심연락을 제한할 수 있는 제도는 만건이 적용됐다김소영 금융위원회 부위원장김소영 부위원장은 개인채무자보호법은 채무자가 연체 이후 겪게 되는 과정을 종합적으로 규율했다는 점에서 의미가 크다며 선진국의 입법 사례를 참고하되 국내 여건을 반영해 채무자 보호의 최소한의 장치를 마련한 제도라고 평가했다또한 채무조정 제도의 내실 있는 운영을 강조하며 특히 보증서 대출과 관련해서도 금융회사와 보증기관이 적극적으로 협의해 재기 가능성이 있는 채무자에 대해 실질적인 지원이 이뤄져야 한다고 밝혔다정부도 우수사례 공유를 통해 제도 활성화를 지원하겠다고 덧붙였다아울러 법 시행 초기인 만큼 채무자가 제도를 몰라서 이용하지 못하는 일이 없도록 맞춤형 홍보의 중요성도 강조했다금융회사들에게 다양한 채널을 활용한 홍보를 요청하고 정부 역시 지방자치단체와 협력해 홍보물을 비치하고 온라인 플랫폼에 배너를 게시하는 등 적극적인 홍보를 이어갈 계획이다김 부위원장은 금융현장의 의견을 지속적으로 청취하고 제도 정착을 방해하는 애로사항을 빠르게 해소해 나가겠다며 계도기간 이후에도 법 준수 여부를 철저히 점검하고 위반사항에 대해서는 엄중 대응할 것이라고 밝혔다끝으로 최근 경기 둔화와 대외 불확실성 속에서 개인채무자보호법은 취약계층을 보호하고 재기를 지원하는 데 핵심적인 역할을 할 것이라며 금융회사들의 적극적인 협조와 정부의 지속적인 소통 의지를 재차 강조했다,2025.04.09.
한화손보 자회사 캐롯 흡수합병한다,https://n.news.naver.com/mnews/article/011/0004472242,캐롯 재무 건전성 강화 나서보험업 구조조정 신호탄 될듯서울경제한화손해보험이 자회사 캐롯손해보험 흡수합병을 추진한다 국내 첫 디지털 손보사였지만 매년 수백억 원의 적자를 감당하지 못해 모회사로 되돌아가는 것이다일 금융계에 따르면 문효일 캐롯 대표는 지난달 일 직원들에 재무 건전성 강화를 위해 한화손보와의 합병을 검토 중이라고 밝혔다 문 대표는 유상증자도 방안이 될 수 있다고 덧붙였다 한화손보의 한 관계자는 캐롯의 자본 건전성 정상화를 위해 협의체를 만들어 해결 방안을 찾는 중이라고 밝혔다캐롯은 년 김승연 한화그룹 회장의 차남 김동원 한화생명 사장 주도로 설립됐다 한화손보가 지분 로 최대주주고 티맵모빌리티와 사모펀드 운용사 어펄마캐피탈 알토스벤처스 스틱 등이 주요 주주다 현대자동차도 지분을 보유하고 있다캐롯은 출범 후 매년 적자를 이어가고 있다 년 억 원 지난해 억 원의 적자를 기록했다 캐롯의 지난해 말 지급여력비율킥스은 로 전 분기 대비 포인트 급락했다 업계에서는 한화손보가 킥스 비율이 로 지분 약 를 되사오는 데 큰 무리는 없을 것으로 보고 있다 다만 일부 투자자가 반대하는 상황을 어떤 식으로 풀어갈지 주목된다업계에서는 한화손보의 캐롯 흡수합병이 보험업 구조조정의 신호탄이 될 것이라는 전망도 나온다 현재 시장에 매물로 나온 주요 보험사는 총 곳 정도다 동양생명은 우리금융지주로 인수될 가능성이 크다 카디프생명은 한국투자금융지주가 실사를 위한 작업을 벌이고 있다 청산 우려가 나오는 손해보험 몸값 조 원 롯데손해보험 번의 매각 작업이 진행된 생명 등이 주요 매물이다 금융 당국이 보험사 자본 건전성을 한층 더 깐깐하게 관리하는 만큼 매각 작업이 쉽지는 않을 것이라는 전망도 있다,2025.04.09.
하이닉스 램 첫 위 경쟁 라운드 승자,https://n.news.naver.com/mnews/article/031/0000923263,고부가가치  시장  석권하며 주도한 영향에서 삼성 반전 없다면 이 상황 지속될 수도매출 기준 하이닉스  삼성  마이크론 하이닉스가 사상 처음으로 글로벌 램 시장점유율 위에 올랐다는 조사 결과가 일 나왔다홍콩계 시장조사업체 카운터포인트리서치는 이날 발표한 년 분기 메모리 보고서에서 하이닉스가 매출 기준으로 시장 점유율 를 기록 세계 램 시장 위를 차지했다고 밝혔다램 시장에서 위에 오른 하이닉스 사진챗 생성 이미지위로 떨어지는 삼성전자는  미국 마이크론테크놀로지는  그 외 업체들은  점유율을 기록했다년 등 삼성전자와 만년 등 하이닉스의 램 시장점유율 순위가 뒤바뀐 결정적 이유는 고대역폭메모리 주도권이다이주완 인더스트리 애널리스트는 전체 램 판매 물량은 삼성전자가 더 많을 수 있다며 하이닉스는 고가의 을 훨씬 많이 판매하고 있어 매출 기준으로 삼성전자를 추월했을 가능성이 있다고 분석했다반도체 업계가 추정하는 하이닉스의  시장점유율은  가량이다 삼성전자가 더 많은 램을 공급했지만 더욱 값비싼 을 많이 판매하는 하이닉스가 매출 기준 점유율에서 앞섰다는 의미다램 시장에서 하이닉스의 추격은 지난해부터 본격화됐다양사의 램 점유율은 지난해 분기 삼성전자  하이닉스 로  이상 격차가 뚜렸했지만 분기에는 삼성전자 하이닉스 까지 포인트차로 좁혀졌다반도체 기업은 물론 전문가들도 즐겨 인용하는 트렌드포스의 시장점유율 수치도 비슷한 추이를 보였다트렌드포스에 따르면 삼성전자의 지난해 분기 램 시장 점유율매출 기준은  하이닉스는 로 포인트에 불과했다직전 분기인 분기만해도 삼성전자  하이닉스 로 포인트 격차를 유지했지만 단 개월 만에 급격히 좁혀진 셈이다하이닉스  단 샘플 사진하이닉스이 애널리스트는 삼성전자와 하이닉스의 매출 기준 점유율 격차가  이내로 좁해지는 상황도 굉장히 이례적인 일이었다며 지난해 이 격차가 좁혀지기에 올해 분기에는 역전도 가능하겠다는 예상을 했다고 말했다다만 이 애널리스트는 그동안 주로 참고했던 트렌드포스는 다음달 이후에 나올텐데 그때도 역전된다면 중대한 사건이라고도 볼 수 있을 것이라고 덧붙였다아직 분기가 마무리된 지 일밖에 되지 않은 상황에서 단 하나의 시장조사 결과만 나온 만큼 다른 시장조사 결과도 지켜봐야 한다는 의미다 시대의 첫 번째 반도체 기술 경쟁에서 하이닉스가 승기를 잡았다는 분석도 나온다  수요 대부분이  데이터센터에서 발생하고 있기 때문이다반도체 업계 한 관계자는 더욱 고도화된  서비스 구현에 필요한 반도체 기술이 등장하기 전까진 엔비디아의 독주가 지속될 것으로 본다며  다음 제품 혹은 지금 메모리 업계가 개발 중인 에서 삼성전자가 반전을 꾀하지 않는다면 이 상황이 더 지속되지 않을까 싶다고 예상했다카운터포인트리서치도  수요가 지속되는 한 하이닉스가 선두를 달리는 점유율 구도가 분기에도 이어질거라고 봤다전영현 삼성전자 부회장이 지난달 일 경기 수원컨벤션에서 열린 삼성전자의 제기 정기 주주총회에서 경영진과 주주와의 대화에서 답변하고 있다 사진삼성전자황민성 카운터포인트리서치 연구위원은 단기적으로는  수요가 강세를 보이기 때문에  시장은 무역 충격에 영향을 덜 받을 것이라며 의 주요 적용처인  서버는 국경 없는 제품군이기 때문에 무역 장벽의 영향을 덜 받는다고 분석했다한편 삼성전자도 와신상담의 각오로 차세대  개발에 속도를 내고 있다전영현 디바이스솔루션부문 대표이사 부회장은 지난달 열린 주주총회에서  등 차세대 제품에서 이 같은 실수를 범하지 않기 위해 계획대로 차근차근 준비 중이라고 말했다삼성전자는 오는 월 엔비디아로부터  공급 관련 품질퀄 테스트 통과를 목표로 하는 것으로 알려졌다,2025.04.09.
모험자본 늘어날까 종투사 중기 관련 신용공여 범위 확대,https://n.news.naver.com/mnews/article/417/0001069769,금융위 증권업 기업금융 경쟁력 제고 방안 발표사진은 일 서울 여의도 금융투자협회에서 진행된 종합금융투자사업자  간담회 사진염윤경 기자금융당국이 종합금융투자사업자이하 종투사가 보다 적극적으로 기업금융과 모험자본을 공급할 수 있도록 기업 신용공여와 발행어음 종합투자계좌 제도 전반을 개편했다김병환 금융위원장은 일 서울 여의도 금융투자협회에서 종투사 최고경영자 간담회를 개최하고 종투사 제도 개선을 중심으로 한 증권업 기업금융 경쟁력 제고 방안을 발표했다 김 위원장은 증권업이 기업금융을 중심으로 더 많은 역할을 해낼 수 있도록 할 것이라고 밝혔다금융당국이 증권업 기업금융 경쟁력 제고방안 발표를 통해 종투사 신용공여한도 적용을 개선한다 사진금융위원회우선 자기자본 조원 이상 종투사의 신용공여 범위를 조정한다 현재 자기자본 조원 이상 종투사는 기업 신용공여 한도가 자기자본  한도까지 주어지는데 기본 에 추가로 중소기업과 기업금융 업무와 관련해  한도가 더 주어진다기업 자금공급과 직접 관련이 없는 금융회사 대상 신용공여는 제외한다 특수목적법인에 대한 신용공여는  업무가 수반된 경우에만 가능하도록 한다추가로 주어지는 신용공여 한도를 인수합병와 리파이낸싱으로 확대하는 방안도 추진한다 재무구조 개선 기업과 중견기업 대상 신용공여 상생결제 관련 신용공여도 추가 신용공여 한도 대상에 포함한다 종투사의 기업 구조조정 참여와 중견중소기업 지원 기능을 확대하기 위해서다금융당국이 발행어음 운용규제를 개선한다 사진금융위원회자기자본 조원 이상 종투사가 가능한 업무인 발행어음은 총조달액  규모를 모험자본에 공급하도록 의무화한다 모험자본이란 대기업을 제외하고 중소중견기업에 대한 자금공급 또는 주식 투자 등급 이하 채무증권 프라이머리 채권담보부증권 매입 상생결제 신기사하이일드펀드 투자 등이다현재 발행어음 조달액은 대기업 포함 기업금융 관련 자산에  이상 부동산에  이하로 운용하고 있다 부동산 관련 자산 운용 한도는 현행 에서 내년  년 로 점진적 하향한다자기자본 조원 이상 종투사에게 허용되는 업무인  제도도 구체화한다 는 고객 예탁 자금을 통합해 기업금융 관련 자산에  이상 투자하고 운용 수익을 고객에게 지급하는 것을 목적으로 하는 계좌다금융위는 가 원활한 기업금융 공급 수단이 될 수 있도록 만기 년 이상인 상품을  이상 구성하도록 했다 발행어음과 마찬가지로 부동산 관련 자산 운용 한도는 로 즉시 하향하고  운용자산  규모는 모험자본 공급 의무가 적용된다종투사의 운용 책임성을 제고하기 위해 공모펀드에 적용되는  시딩 투자 의무를 에도 도입한다 현재 는 한도 없이 무제한 발행할 수 있게 돼 있지만 리스크 관리를 위해 발행어음  한도에  추가 까지로만 제한하기로 했다손실충당금 제도도 내실화해 고유재산을 통해  운용 자산의 를 손실충당금으로 우선 적립하고  운용자산에 평가 손실이 발생할 경우 그만큼 추가 적립하도록 한다 손실충당금이 충분히 적립된 경우 영업용순자본비율 산출 시  운용자산은 만 반영해 운용 여력을 확보할 수 있도록 한다사진은 일 서울 여의도 금융투자협회에서 종투사  간담회를 진행하는 모습 사진염윤경 기자아울러 금융위는 올해 분기부터 종투사 지정을 재개하겠다고 밝혔다 올해 분기 조원발행어음 및 조원 종투사 신청을 접수받고 현행 요건에 따라 지정할 예정이다올해 이후에는 종투사 지정 요건을 강화하고 단계적 지정을 적용할 방침이다 핵심 요건인 자기자본은 연말 결산 기준으로 연속 기간 충족을 요구할 예정이다사업계획과 제재 이력 요건도 신설한다 현재 조원 종투사의 발행어음 단기금융업 인가가 대주주 요건 심사를 필요로하는 만큼 조원 종투사에도 대주주 요건을 도입한다 아울러 조원 종투사 발행어음  지정 시 각 단계마다 년 이상 영위하도록 할 예정이다증권사의 적극적인 해외 진출을 지원하기 위해 인센티브도 제공한다 증권사 해외 자회사의 현금성 이익잉여금을 개월 유동성비율 산출 시 유동자산으로 인정하고 해외 현지법인이 투자적격등급 이상 국가의 대표지수에 편입된 주식에 투자할 경우 순자본비율 개별위험 값을 에서 로 인하해 준다은행지주회사에 속한 증권사는  비율 규제 외에도 은행지주 대상 연결 국제결제은행 비율 규제가 함께 적용된다 은행지주 연결 비율 산출 시 증권업의 특성이 반영될 수 있도록 개선 방안을 검토추진한다 상세 내용은 분기 확정해 발표할 예정이다증권사 고유분 외화증권에 대한 집중 예탁 의무도 폐지한다 증권사의 고유분투자자분 보유 증권은 예탁원에 예탁해야 하며 외화증권은 해외 보관 기관에 개설된 예탁원 명의의 계좌에 보관하도록 규정하고 있다 이번 개정을 통해 증권사가 고유재산으로 보유한 외화증권을 외화 자금조달 등에 자유롭게 활용할 수 있도록 해외 보관기관에 증권사 명의의 계좌 보관을 허용한다종투사 전담중개업무 대상도 확대한다 는 펀드 등 기관투자자를 대상으로 자산관리 대차 총수익스왑 등의 서비스를 제공하는 업무를 말한다 현재 자기자본 조원 이상 종투사는 펀드 사모펀드 기금공제 등을 대상으로 를 영위할 수 있는데 자본시장법상 펀드에 해당하지 않으나 실질이 유사한  리츠 신기술조합 등에 대해서도 업무를 수행할 수 있도록 개선한다마지막으로 파생결합증권의 내부 대여 한도를 내년 에서 년 로 점진적으로 제한해 파생결합증권과 파생결합사채의 건전성 관리도 강화할 방침이다금융위는 올해 분기 중 개정을 완료할 계획이다 기업 신용공여 범위와 관련한 일부 법률 개정사항은 하반기 중 법안 발의를 추진할 방침이다사진은 종투사  간담회에서 모두발언을 진행하는 김병환 금융위원장 사진염윤경 기자김 위원장은 전반적인 제도개선을 통해 증권업의 영역이 확장되는 만큼 종투사를 중심으로 그에 걸맞은 혁신을 보여달라며 기업금융의 질적인 경쟁력을 높이고 밸류업을 위해 상장기업을 분석 및 지원하라고 당부했다 아울러 상장기업으로서 밸류업을 선도하며 리스크 관리와 내부통제도 한 단계 높여나가야 한다고 강조했다,2025.04.09.
이재용보다 더 주식재산 불어난 방시혁 억 껑충한화 김승연 회장  증가,https://n.news.naver.com/mnews/article/277/0005575254,한국연구소 총수 명 조사주식평가액 명은 증가명은 감소한화 김승연 자사 보통주 가격 크게 올라주식 감소율 가장 큰 총수는 넷마블 방준혁주식재산 위는 삼성 이재용약 조원올해 분기 국내 개 그룹 총수 중 주식 평가액 증가율 위는 김승연 한화 회장이고 증가액 위는 방시혁 하이브 의장인 것으로 나타났다방시혁 하이브 의장 연합뉴스기업전문분석 한국연구소는 대기업 집단 중 월 말 기준 주식평가액이 억원 이상인 그룹 총수 명을 대상으로 분기 주식 평가액 변동월일과 월일 종가 기준을 조사했다고 일 밝혔다개 그룹 총수의 월 말 주식 평가액은 총 조억원으로 월 초조억원와 비교해 억원 줄었다 명은 평가액이 증가했고 명은 감소했다김승연 한화 회장의 주식 평가액은 월 초 억원에서 월 말 억원으로 억원 증가했다 증가율은 에 이른다 김 회장이 보유한 한화 보통주의 주가가 만원에서 만원으로 개월 사이 나 오르며 평가액 증가를 견인했다 다만 김 회장이 세 자녀에게 한화 보통주 주식 만주를 증여하기로 해 김 회장의 주식 가치는 향후 절반가량 줄어들 전망이다 이웅열 코오롱 명예회장증가율  박찬구 금호석유화학 회장 이순형 세아 회장의 주식 재산도 분기 동안 급등한 것으로 집계됐다한화그룹 김승연 회장 사진한화그룹 제공주식재산 증가액이 가장 큰 방시혁 하이브 의장의 주식 재산은 조억원에서 조억원으로 개월 사이 억원 증가했다 다음은 이재용 삼성전자 회장이었다 이 회장은 조억원에서 조억원으로 억원가량 주식 가치가 상승한 것으로 평가됐다개 그룹 총수 중 분기 주식가치 감소율이 가장 큰 총수는 방준혁 넷마블 의장인 것으로 나타났다 방 의장의 주식 평가액은 조억원에서 억원으로 억원 줄어들어 감소율은 에 이른다 이어 장형진 영풍 고문 정몽준 아산재단 이사장 정몽윤 현대해상 회장 정의선 현대차 회장 구광모  회장 순으로 하락했다 주식재산 감소액이 가장 큰 총수는 서정진 셀트리온 회장으로 서 회장의 주식재산은 개월 사이 억원 줄어들었다 정의선 현대차 회장억원 정몽준 아산재단 이사장억원 방준혁 넷마블 의장억원도 올 분기에만 주식재산이 억원 이상 증발한 것으로 나타났다월 말 기준 주식재산이 조 이상인 총수는 명으로 방준혁 넷마블 의장이 빠지며 올해 초보다 명 줄어들었다 주식재산 위는 이재용 삼성전자 회장조억원이 유지했다 이 회장은 월 초 조정호 메리츠금융지주 회장에게 위 자리를 잠시 내어주기도 했다 이어 서정진 셀트리온 회장조억원 김범수 카카오 창업자조억원 정의선 현대차 회장조억원 방시혁 하이브 의장조억원 장병규 크래프톤 이사회 의장조억원 순이었다 또 최태원  회장조억원 구광모  회장조억원 정몽준 아산재단 이사장조억원 서경배 아모레퍼시픽 회장조억원 이재현  회장조억원 김남정 동원 회장조억원 조현준 효성 회장조억원 이동채 에코프로 창업자조억원 이해진 네이버 이사회 의장조억원이 조 클럽에 이름을 올렸다 조정호 메리츠금융지주 회장은 공정위 지정 대기업집단의 그룹 총수가 아니어서 이번 조사에는 제외됐지만 월 말 기준 주식 평가액이 조억원으로 이재용 회장 다음으로 주식재산이 많았다,2025.04.09.
기아 년 목표 하향 조정년간 조 투자 사상 최대,https://n.news.naver.com/mnews/article/052/0002177794,기아가 중국 시장 부진을 고려해 년 중장기 목표를 당초보다 만 대 적은 만 대로 하향 조정했습니다하지만 앞으로 년간 역대 최대 규모인 조 원을 투자해 미래 모빌리티 경쟁에서 뒤처지지 않겠다는 포부를 드러냈습니다기아는 오늘 서울 중구 신라호텔에서   인베스터 데이를 열고 이 같은 중장기 사업 전략을 공개했습니다기아는 중국 판매 목표를 현실화해 년 글로벌 판매 목표를 지난해 발표한 만 대보다 만 대 적은 만 대 시장점유율 로 설정했습니다전기차 수요 정체와 지정학적 리스크 등으로 친환경차 판매 목표도 만 대 감소한 만천 대로 변경했습니다하지만 년까지 년간 조 원을 투자해 전기차 모델을 종으로 확대하고 하이브리드는 종의 라인업을 완성하겠다고 밝혔습니다 당신의 제보가 뉴스가 됩니다카카오톡  검색해 채널 추가전화 메일,2025.04.09.
내수부진에 가맹점 증가율 둔화평균 매출액은 증가,https://n.news.naver.com/mnews/article/056/0011928304,년 가맹점 평균 매출액이 전년대비  증가하면서 전체 소상공인과의 격차를 더 벌린 것으로 나타났습니다다만 경영 여건 악화 영향으로 가맹 브랜드의 수는 조사 시작 이래 처음으로 감소했으며 가맹점수 증가율도 둔화한 것으로 나타났습니다공정거래위원회는 오늘일 지난해 말 등록된 정보공개서를 분석한 년 가맹사업 분석 현황을 발표했습니다지난해 말 기준 가맹본부 수는 천개로 전년대비  늘었습니다 년 말 기준 가맹점 수는 만천개로  증가했습니다직전 연도 증가율이 각각 라는 점을 고려하면 확장세가 둔화했다는 점을 알 수 있습니다지난해 말 기준 가맹 브랜드 수는 만천개로 전년보다  줄었습니다 공정위가 관련 통계를 발표하기 시작한 년 이후 첫 감소입니다공정위는 가맹사업의 외형상 둔화는 고물가고금리에 따른 내수경기 회복 지연과 자영업 경영여건 악화 탓이라고 분석했습니다다만 브랜드 수 감소는 가맹사업을 시작하려면 직영점을 반드시 개업해야 하는 제도이른바 가 시작되기 직전인 년 월 이전에 이 의무를 피해 일단 등록하고 본 브랜드가 대거 등록을 취소한 영향도 나타난 것으로 공정위는 분석했습니다전체 브랜드 가운데 대규모 브랜드가맹점 개 이상의 비중은  중규모 브랜드가맹점 개개의 비중은  소규모 브랜드가맹점 개 미만의 비중은 였습니다년 말 기준 가맹점의 평균 매출액은 억천만 원으로 전년억천만원 대비  늘어난 것으로 집계됐습니다중소벤처기업부 조사에 따르면 년 소상공인 연간 평균 매출액은 전년억천만 원보다  감소한 억 원이었습니다가맹점 평균 매출액은 전체 소상공인 평균의 배 수준으로 그 격차도 더욱 벌렸습니다공정위는 가맹산업이 영세 자영업자의 안정적 매출 확보 통로 역할을 비교적 잘 수행하고 있는 것으로 보인다고 평가했습니다공정위는 올해 내수회복이 지연되고 경기 하방 압력이 커질 것으로 전망되는 만큼 필수품목 제도개선 사항 등 가맹점주 경영 부담 완화를 위한 시책의 현장 안착과 정보공개서 공시제 등 제도개선에 역점을 둘 계획이라고 설명했습니다 제보하기 전화    이메일   카카오톡  제보 검색 채널 추가 네이버 유튜브에서 뉴스를 구독해주세요,2025.04.09.
단독 러우 종전 가시화 현대 우크라 재건사업 시동,https://n.news.naver.com/mnews/article/005/0001768623,현지 기술자 건설 장비 교육 추진중장비 수요 예측 사전 준비 나서우크라이나와 러시아가 년간의 전쟁을 끝내고 종전 국면에 접어들며 국내 기업들의 재건 사업 진출을 위한 초기 작업이 활발히 이뤄지고 있다 현대건설기계는 종전 후 현지 건설 현장 등에 투입될 우크라이나 기술자들을 초청해 교육을 진행하는 방안을 추진하는 것으로 파악됐다일 업계에 따르면 현대건설기계는 한국을 방문한 우크라이나 엔지니어를 대상으로 우크라이나 재건에 필요한 건설 장비 교육을 제공하는 방안을 내부 검토 중이다 이를 위해 현재 우크라이나 민관과 협의를 진행 중인 것으로 알려졌다교육은 현대건설기계가 보유한 시설에서 각종 이론을 비롯해 건설 장비 사용법을 전수하는 방식이 될 전망이다 현재로선 충북 음성 글로벌교육센터가 유력한 후보지다 앞서 드미트로 포노마렌코 주한 우크라이나 대사가 지난해 월 방문한 곳이다 당시 포노마렌코 대사는 현대건설기계와 전후 피해 복구에 필요한 건설기계 공급과 이를 운영하기 위한 현지 테크니션 양성 방안에 대해 논의했다이는 종전 이후 재건 사업 속도를 높이기 위한 전략 중 하나다 아직 우크라이나가 전쟁 중이라는 점에서 현지 교육은 불가능한 상황이다 이에 한국에서 미리 건설 장비를 운영할 수 있는 기술자를 양성한다면 현지 재건이 시작됐을 때 사업 속도를 높일 수 있다현대그룹은 기존 우크라이나 내 영향력을 바탕으로 재건 작업에서 업계 선봉에 서 있다 현대인프라코어 등 몇몇 계열사들은 최근 종전 이후 필요한 굴착기와 휠로더 백호로더 등 중장비 수요 예측에 돌입했다 적기에 장비를 공급하기 위해 사전 준비에 나선 것이다종전이 가시화하며 우크라이나와 국내 기업의 접점은 점차 확대되는 모습이다 우크라이나 사절단은 지난달 일 방한해 인천시 연수구 포스코 송도 사옥을 찾아 포스코인터내셔널 임직원과 현지 사업 현황을 살피고 현대중공업 울산조선소를 시찰했다 한국해외인프라도시개발지원공사 현대엔지니어링 쌍용건설 등은 지난 일 우크라이나 수도 키이우에서 재건 사업 청사진 중 하나인 키이우 지역 교통 마스터플랜을 키이우 주정부에 소개했다우크라이나 국토교통부는 올해 억 달러약 조원 규모의 재건 프로젝트를 진행할 예정이다 세계은행은 년 월 전쟁 시작 시점부터 지난해까지 우크라이나의 직접 피해액을 억 달러조원 향후 년간 복구 비용을 억 달러조원로 추정했다,2025.04.09.
지난달 취업자 만 명 늘었지만관세 충격 제조업 일자리 위험,https://n.news.naver.com/mnews/article/056/0011927912,지난달 취업자 수가 석 달 연속 증가세를 보여 만 천 명이 늘어난 거로 집계됐습니다통계청은 오늘일 발표한 년 월 고용동향을 보면 지난달 취업자 수는 만 천 명으로 지난해 같은 달보다 만 천 명 증가했습니다취업자 수를 산업별로 보면 보건업과 사회복지서비스업에서 지난해보다  만 천 명이 늘었고 금융과 보험업에서도 인 만 천 명이 늘어 증가 폭이 컸습니다반면 제조업과 건설업 취업자는 급감하고 있습니다건설업 부문 취업자는 지난해 같은 기간보다 만 천 명 감소해 지난해 월 이후 개월 연속 감소세를 기록했고 감소 폭도 년 이후 가장 큰 것으로 집계됐습니다제조업 부문 취업자 수도  만 천 명 감소해 년 월 이후 가장 많이 감소했습니다최상목 경제부총리 겸 기획재정부 장관은 오늘 오전 정부서울청사에서 열린 경제관계장관회의 겸 산업경쟁력강화 관계장관회의에서 미국 정부가 부과하기로 한 관세 영향에 따라 제조업 등 수출 주력 산업을 중심으로 고용 부진이 심화할 가능성이 있다고 언급했습니다보통 고용은 경기를 후행하는 특성이 있어 관세 충격이 제조업 고용까지 영향을 미칠 경우 그 영향은 올해 하반기부터 통계에 본격적으로 반영될 가능성이 있습니다연령별로는 세부터 세 청년층 고용률은 로 나타나 지난해 같은 달보다 포인트 떨어졌습니다청년층 실업률은 로 지난해 같은 기간보다  상승한 것으로도 나타났습니다사진 출처  연합뉴스 제보하기 전화    이메일   카카오톡  제보 검색 채널 추가 네이버 유튜브에서 뉴스를 구독해주세요,2025.04.09.
국민의힘 대 은행장 만나 수출기업 지원 논의,https://n.news.naver.com/mnews/article/052/0002177859,국회 정무위원회 소속 국민의힘 의원들은 서울 중구 은행연합회에서 대 시중 은행장을 만나 미국의 상호관세 부과와 환율 인상 등으로 인한 은행업계 상황을 공유하고 산업 경쟁력 강화를 위한 방안을 논의했습니다윤한홍 정무위원장은 미국발 관세 폭탄 현실화로 각 기업이 굉장히 힘들어하고 있고 중소기업이나 소상공인 자영업자에게까지 여파가 미칠 것 같다며 은행권의 의견을 듣고 싶다고 말했습니다이에 조용병 은행연합회장은 은행권은 경제 방파제로 소임을 다하고 있다며 피해가 우려되는 산업과 기업에 대한 자금 지원이 적시에 이뤄지게 당국과 긴밀히 협의 중이라고 답했습니다국민의힘 정무위 간사인 강민국 의원은 간담회 뒤 기자들과 만나 환율 급등 우려에 공동 대처하자는 이야기를 나눴다고 전했습니다또 청년고용 연계자금 확대 금융사고 관련 공시 이원화 가상자산 다자 은행 체제로의 변화 등 은행 업계의 요구도 긍정 검토하기로 했다고 설명했습니다 당신의 제보가 뉴스가 됩니다카카오톡  검색해 채널 추가전화 메일,2025.04.09.
관세 피한다고 덜컥 미국 갔다간현지 공장 지을땐 이것 피하라는데,https://n.news.naver.com/mnews/article/009/0005473745,건설사 알버리시 정윤영 부사장기업 현지공장 건설 지원최저가만 따졌다가는 낭패장기 파트너십 구축이 중요일 서울 중구 매경미디어센터에서 정윤영 알버리시 부사장이 인터뷰하고 있다 김호영기자일현지시간부터 미국이 한국산 제품에  관세를 부과하면서 국내 수출 기업은 새로운 과제를 맞닥뜨렸다 가격 경쟁력을 유지하기 위해서는 관세를 줄일 전략이 필요하다 이 중 하나가 미국에 생산기지를 짓는 일이다미국 시공능력 순위 위의 중견 건설사 알버리시는 한국을 대 전략 시장으로 삼고 미국에 공장 건설 수요가 있는 한국 회사들을 물색하고 나섰다 최근 방한한 정윤영 알버리시 부사장사진은 글로벌 대기업조차 생산시설을 지을 때 미국 현지 상황을 간과해 완공이 지연되거나 예산을 크게 초과하는 사례가 빈번하다며 공장 설립을 결정했다면 미국 건설 업계 관행을 숙지하고 예산 수립 단계부터 실리적으로 접근해야 한다고 강조했다년 설립된 알버리시는 국내 대기업과 스텔란티스가 합작해 세운 넥스트스타에너지의 캐나다 온타리오 전기차 배터리 공장 과 포스코 합작사가 캐나다 퀘벡에 지은 리튬이온 배터리 핵심물질 생산기지 등 프로젝트를 담당하며 한국 기업들과 친숙하다미국에 공장을 지으려는 한국 기업 대부분이 한국과 미국의 관행 차이에서 오는 의사소통 오류를 경험한다고 한다정 부사장은 상당수 기업이 한국에서 쓰던 설계도와 표준계약안을 가져오는데 미국은 건축 규제 등이 한국과 달라 설계 변경이 빈번하고 이때마다 추가 비용이 들어가는 경우가 다반사라고 말했다그는 이어 미국 인건비나 물가 수준을 고려하지 않고 예산을 책정하는 것도 자주 저지르는 실수 중 하나라고 덧붙였다 실제 는 미국 애리조나주 피닉스에 반도체 공장을 지으면서 당초 예산을 억달러약 조원로 잡았지만 공기 지연 등 여파로 최종적으로는 억달러약 조원가 소요됐다반대로 환경규제 등 현지에서 중시하는 변수를 사전에 고려하면 예산초과 위험이 줄어든다 한국수처리 전문기업 부강테크가 건설한 캘리포니아 플러튼의 풀무원 두부공장에서는 규제기관과 긴밀히 협의해 신규 폐수처리시설을 구축했다 생산시설을 두 배로 늘려 폐수처리 비용도 이에 비례해 늘어날 것으로 예상했으나 오히려 비용을 절감한 사례다정 부사장은 공사 지연으로 인한 손실을 막기 위해 프로젝트 초기 단계에 프리 컨스트럭션 방식을 활용하라고 제안했다 시공사를 정식 선정하기 전 현지 사정에 밝은 설계 업체나 시공 업체에 예산 수립을 맡기는 방식이다 프로젝트 규모에 따라 수억 원 비용이 들기도 하지만 적게는 수백억 원에서 많게는 수조 원까지 손실을 줄일 수 있는 필수 단계라는 게 정 부사장의 조언이다이 과정을 거치면서 해당 업체의 시공능력과 설계능력 등을 검증할 수 있는 게 장점이다 정 부사장은 기한 내 완공하면 인센티브를 부여하는 방식의 윈윈 구조를 세우는 것이 좋다며 한국 건설시장의 관행인 최저가 입찰은 덤핑 입찰 후 추가 비용으로 이익을 확보하는 업체를 선택할 위험이 있으므로 각별히 유의해야 한다고 강조했다 그는 이어 미국 건설회사들과 장기적인 파트너십을 맺을 수 있다면 더 큰 도움이 될 것이라고 덧붙였다,2025.04.09.
또 주택 대란 오나줄줄이 다 망하게 생겼다 날벼락,https://n.news.naver.com/mnews/article/015/0005117231,사업성 좋아도 퇴짜꽉 막힌  대출수도권지방서 도미노 파산 위기대출 못받자 시행사 줄폐업주택 공급대란 현실화 우려자금난을 이기지 못해 공매로 넘어간 서울 강남구 역삼동의 한 부지 김범준 기자당초 사업성이 양호한 부동산 프로젝트파이낸싱 현장이 잇달아 부실 위기에 내몰리고 있다 지난해 대주단에서 양호보통 등급을 받은 정상 사업지조차 금융당국의 지침이 없다는 이유로 대출을 거절당하고 있어서다  신규 대출 중단과 개발업체의 폐업으로 주택 공급 대란이 현실화할 것이라는 우려가 나온다일 개발업계에 따르면 지난해 개 시행사가 폐업한 데 이어 올해도 월까지 곳이 문을 닫았다 부동산 개발사업 주체인 시행사가  대출 시장 경색으로 사업을 포기하거나 잇따라 폐업하고 있다금융회사가 본  대출을 거부하는 사이 시행사의 고금리 브리지론초기 토지비 대출 이자 부담은 눈덩이처럼 커졌다 시행사는 경기 남부권 사업가구 규모과 관련해 지난해 말부터 억원 규모의 브리지론 만기를 개월 단위로 연장해 겨우 연명하고 있다 사업성 평가에서 양호 등급을 받은 수도권의 또 다른 주택 개발 현장가구도 자본 고갈과  대출 중단으로 공매 위기를 맞았다개발업계 관계자는 정상 사업지가 제대로 돌아갈 수 있도록 정부가  상황 모니터링을 강화하고 적극적으로 지원에 나서야 한다고 강조했다부동산 개발시행사 돈맥경화에주택공급 경고등정상 사업장 가 올 대출만기대부분 연장 거절돼 문닫을 위기한 중견 디벨로퍼시행사는 최근 수도권 사업장에서 연이어 프로젝트파이낸싱 대출 연장 거부를 통보받았다 정부의  사업성 평가에서 양호 판정을 받은 사업장이지만 본  대출을 거절당한 것이다 회사 관계자는 은행에선 정부 지침이 내려오면 대출을 검토한다는데 지금 당장 사업장이 공매로 넘어가게 생겼다고 토로했다정부의 사업성 평가에서 양호 또는 보통 판정을 받은 사업장 중 가 올해 상반기 브리지론초기 토지비 대출 대출 만기를 맞는다 상당수는 금융회사에서 대출이 거절돼 사업 포기를 고려 중인 것으로 확인됐다 경공매 시장에 나온 사업장은 반값에도 주인을 찾지 못하고 있다  시장 경색이 부동산 시장을 악화시키는 뇌관이라는 지적이 나오는 이유다정상 사업장도 고사 위기일 업계에 따르면 한 중견 시행사의 사업장은 대출 상환이 이뤄지지 않으면서 상반기 중 기한이익상실만기 전 대출금 완납 요구과 함께 공매로 넘어간다는 통보를 받았다 시행사는 여러 금융회사와 대출 협상에 나섰지만 정해진 대출 기준이 없어  사업에 돈을 줄 수 없다는 말만 돌아왔다금융사가 기존 대출 이자와 수수료만 챙기는 불합리한 관행은 더 심해졌다 정부는 지난해  수수료 대상을 제한하고 반복 부과를 금지했다 그러나 현장에선 과도한 수수료와 이자 부담이 되풀이되고 있다 한 시행사는 금융사로부터  대출 연장 조건으로 과도한 선취 수수료를 요구받았다 연장 때마다  이상을 미리 떼가는 바람에 사업을 유지할수록 부실 위험은 커지고 있다 수도권의 한 부동산 개발사는 금융 비용이 증가하자 올초 회생을 신청했다 시장 경색으로 시행사 폐업이 크게 늘고 있다 국토교통부에 따르면 지난해 폐업한 부동산 개발업체는 곳에 이른다 시행사 폐업은 년 곳 년 곳 등 매년 늘어나고 있다 올해 월에도 곳의 디벨로퍼가 문을 닫았다 업계에선  위기가 불거진 년 레고랜드 사태 이후 자금난이 가장 심각하다는 반응이 나온다 부동산개발협회 관계자는 우량 사업장이  대출 기준 미비로 자금난이 가중되는 가운데 이자 선취 같은 불합리한 관행은 여전하다며 자금력이 달리는 영세 시행사는 고사 직전이라고 말했다급한 불 끌 대책 없어 대출 상환을 하지 못해 경공매에 넘어간 사업장은 반값에도 주인을 찾지 못하고 있다 상대적으로 리스크가 작은 선순위 투자자까지 피해를 보고 있다개발업계에 따르면 월 말 기준 전국에서 매각이 추진되고 있는  사업장은 곳이다 경기 용인시의 한 사업장은 차례 유찰된 끝에 최저 입찰 가격이 억원으로 하락했다 최초 감정평가액억원과 비교하면 절반 수준에도 못 미친다 서울 강남구 논현동의  사업장 역시 차례 유찰을 반복하며 최저 입찰 가격이 억원에서 억원으로 떨어졌다업계에선 자기자본비율을 까지 높이는 정부의  제도 개선 대책 역시 장기 구조 개선 방안에만 치중돼 있다고 지적한다 당장 부실이 심각한 전국 현장에 대한 지원이 없으면  시장 자체가 붕괴할 수 있다는 우려가 나온다 부동산 금융업계 관계자는 단기적으로는 좌초된 사업장이 늘어 시장 부담이 가중되고 있다며 정상 사업장의 대출 물꼬를 터 부실을 막는 게 급선무라고 했다,2025.04.09.
코스피 선 붕괴환율 원 초읽기,https://n.news.naver.com/mnews/article/022/0004026352,상호관세 발효에 원달러 환율장중 원 금융위기 수준코스피   로 마감정부 긴급지원 부품업 대상 조 추가 투입미국의 상호관세가 공식 발효된 일 국내 금융시장은 대혼란을 겪었다 원달러 환율이 원 선에 바짝 다가섰고 코스피는 년개월 만에 선이 무너졌다 정부는 미국의 관세 정책으로 피해가 예상되는 업종에 대해 특별 정책금융 지원에 나서기로 했다 특히 자동차부품업종에는 조원의 정책자금이 투입된다미국의 상호관세가 발효되면서 코스피 선이 붕괴한 일 오후 서울 중구 하나은행 본점 딜링룸 전광판에 증시가 표시되고 있다 이날 코스피 지수는 전 거래일 대비  내린  코스닥 지수는  내린 로 마감했으며 달러원 환율은 원 넘게 올라 원을 보이고 있다 뉴스이날 서울 외환시장에서 미국 달러화 대비 원화 환율은 전날보다 원 오른 원에 거래를 시작해 장중 원까지 치솟았다 금융위기 당시인 년 월일원 이후 년여 만에 최고 수준이다주가도 내리막을 걸었다 코스피지수는 전날보다  내린 로 장을 마감했다 코스피지수가 선 아래로 떨어진 것은 년 월일 이후 년개월여 만이다 코스닥지수도 전날 대비  하락한 를 기록했다정부는 미국의 상호관세 여파를 최소화하기 위해 산업별 지원책을 내놨다 최상목 부총리 겸 기획재정부 장관은 이날 경제관계장관회의 겸 산업경쟁력강화 관계장관회의를 열고 미국의 상호관세 발효에 따른 대응 방안을 논의했다 정부는 우선 산업 피해 최소화를 위해 자동차 철강 반도체 배터리 등 통상 마찰 가능성이 큰 주력 수출업종에 정책금융을 강화한다 대미 수출에 비상이 걸린 자동차부품 업계의 피해를 줄이기 위해 조원의 정책금융이 추가 투입된다 이에 따라 올해 자동차 분야의 정책금융은 조원에서 조원으로 확대된다 이 같은 정부 지원에 호응해 현대차기아도 금융권정책금융 기관과 함께 조원 규모의 상생 프로그램을 조성 협력사의 대출보증회사채 발행을 지원한다기초 체력이 달리는 중소기업을 위한 긴급 경영 안정 자금 지원도 확대한다 관세 피해 기업에 법인부가소득세 납부 기한을 최대 개월 연장하고 년간 관세를 유예해 조세부담 완화도 적극 지원한다수출이 줄어든 자리를 내수가 메울 수 있도록 수요 진작책도 시행한다 제조사 할인 금액에 연동하는 전기차 보조금 제도 종료 시점을 올해 상반기에서 연말까지로 연장한다 다양한 정부지방자치단체 전기차 보조금과 함께 기업의 할인 노력과 연계해 추가로 지급하는 정부 매칭 보조금 지원 비율도 기존 에서 로 확대한다,2025.04.09.
갈취나선 트럼프 이제 우리 차례협상 때까지 중국엔 관세,https://n.news.naver.com/mnews/article/088/0000941115,도널드 트럼프 미국 대통령과 시진핑 중국 국가주석 연합뉴스많은 나라들은 우리를 엄청나게 갈취했지만 이제는 우리가 갈취할 차례다도널드 트럼프 미국 대통령이 무역적자를 미국의 고질적 문제로 삼으며 일 시 분미 동부 현지 시간부터 국가별 상호관세 부과에 나섰다앞서 일현지시간 도널드 트럼프 미국 대통령은 이날 워싱턴에서 진행된 공화당의회위원회 만찬 행사에서 상호관세 등 관세 정책과 관련해 우리는 관세로 엄청난 돈을 벌고 있다 하루에 억달러인데 믿어지느냐면서 이같이 말했다그러면서 그는 이것은 전쟁이 아니다면서 여러 국가가 우리를 보기 위해 오고 있다 그들은 협상하길 원한다며 통상 정책에 대해 설명했다이어 그는 중국에 대한 고강도 관세 정책을 강조했다 트럼프 대통령은 다른 나라들은 관세를 내고 있으며 지금 중국은 를 내고 있다며 를 생각해 보면 터무니없다고 생각하겠지만 그들은 많은 미국 아이템에 나 를 부과했다고 주장했다이어 관세보다 나쁜 것은 비관세 장벽이라며 중국은 오늘 통화를 절하한다는 발표를 했다 그들은 미국의 대중국 관세를 환율로 조작하고 있다고 비판했다트럼프 대통령은 이 게임은 그런 식으로 플레이해선 안 된다며 그것이 오늘 밤일 시 분 발효되는 중국 제품에 의 관세가 그들이 협상할 때까지 유효되는 이유이라고 강조했다그러면서 중국에 대해 내 생각에 어느 시점에 그들은 협상할 것이라고 전망했다앞서 중국은 이미 트럼프 기 정부 출범 이후에 좀비마약 펜타닐의 미국 유입 차단에 대한 비협조를 이유로 의 관세가 부과된 상태였다특히 지난 일 트럼프 대통령의 국가별 상호 관세 발표 당시 중국 상호관세는 였다 이에 중국이 즉각 반발하며 같은 수준으로 보복에 나섰고 트럼프 대통령은 일부터 포인트의 관세를 추가하기로 했다 트럼프 대통령은 일 중국에 대한 상호관세를 기존 에서 로 인상하는 행정명령에 서명했다이에 중국은 강경 대응에 나설 것이라고 엄포했다 중국 상무부 대변인은 트럼프 대통령이 상호관세를 상향 조정하는 행정명령에 서명한 이날 담화문을 통해 미국이 고집대로 한다면 중국은 반드시 끝까지 맞설 것이라고 경고했다,2025.04.09.
하이브 방시혁 개월 만에 주식 억원 늘었다총수 주식 살펴보니,https://n.news.naver.com/mnews/article/243/0000076075,한국연구소 총수 주식평가액 변동 조사방시혁 개월 새 억원  가량 늘어방시혁 하이브 의장 사진 하이브이코노미스트 라예진 기자 방시혁 하이브 이사회 의장이 올 분기에만 주식재산이 억원 넘게 불어난 것으로 나타났다기업분석전문 한국연구소가 년 분기월 초 대비 월 말 기준 주요 그룹 총수 주식평가액 변동 조사 도출 결과를 발표했다 조사 대상은 공정거래위원회가 관리하는 대기업집단 중 올 월 말 기준 주식평가액이 억 원 넘는 그룹 총수 명이다 주식재산은 총수가 상장사 지분을 직접 보유한 경우와 함께 비 상장사를 통해서 우회적으로 해당 그룹 상장 계열사 보유한 주식 현황도 포함했다 비상장사의 경우 해당 회사 지분을  이상 보유한 경우로 제한해 조사가 이뤄졌다 우선주도 이번 조사 범위에 포함됐다 주식평가액은 지난 월 일월 초과 월 일월 말 종가 기준으로 평가했다조사 결과 올 분기 기준 주식재산 증가액이 가장 컸던 총수는 방시혁 하이브 의장인 것으로 조사됐다 방시혁 의장의 주식재산은 올해 초 조억원 수준에서 월 말에는 조억원으로 최근 개월 새 억원 넘게 불었다 다음으로 이재용 삼성전자 회장은 같은 기간 조억원에서 조억원으로 억원 이상 주식가치가 상승한 것으로 평가됐다반면 개 그룹 총수 중 올 분기 주식가치 하락률이 가장 큰 그룹 총수는 방준혁 넷마블 의장인 것으로 나타났다 방 의장은 올해 초 조억원이던 주식평가액이 월 말에는 억원으로 내려앉았다 개월 새 주식재산이 나 떨어지며 주식재산 조 클럽에서도 탈락한 것으로 확인됐다 방준혁 의장은 넷마블 주식 지분을 만 주를 갖고 있는데 앞서 종목의 주당 주가는 올해 월 일 만 원에서 월 일에는 만 원으로 낮아지며 방 의장의 주식가치도 동시에 하락했다이외 올 분기에 대로 주식평가액이 줄어든 총수는 명으로 집계됐다 여기에는 장형진 영풍 고문 월 초 억원월 말 억원 정몽준현대 아산재단 이사장 조억원조억원 정몽윤 현대해상 회장 억원억원 정의선 현대차 회장 조억원조억원 구광모  회장 조억원조억원 순으로 떨어졌다한국연구소 오일선 소장은 지난해 국내 시장이 전반적으로 좋지 않았던 상황에서 그룹 총수들이 보유한 여 개 주식종목 중 올해 분기에 주가가 오른 곳이 내린 곳보다 다소 많았지만 눈에 띌만큼 주목할만한 증가세는 아니었다며 문제는 올 분기부터 본격적으로 트럼프 대통령이 단행한 높은 관세 정책으로 인한 피해 여파와 함께 미국과 중국 간 갈등 등이 장기간 진행되고 전세계 무역 갈등 구조도 심화될 경우 국내 주식시장도 침체기로 접어들 가능성도 배제할 수 없다고 말했다,2025.04.09.
트럼프 보복관세 발효미국 년 만에 최고 수준 무역관세,https://n.news.naver.com/mnews/article/243/0000076073,중국 포함 여 개국에 고율 관세세계 교역질서 충돌 우려도널드 트럼프 미국 대통령로이터연합뉴스 재판매 및  금지이코노미스트 정동진 기자도널드 트럼프 미국 대통령이 예고했던 보복 관세가 일현지시간부터 전면 시행됐다 미국과 무역수지 흑자를 기록 중인 여 개국을 대상으로 고율의 수입관세를 부과하면서 미국의 무역관세 수준은 년 이후 여 년 만에 최고 수준으로 올라섰다이번 조치로 중국산 수입품에 대해 최대 의 관세가 적용된다 기존 의 펜타닐 관련 관세에 더해 양국 간 무역 불균형을 근거로 한 의 상호주의 관세와 중국의 보복 예고에 대응한 추가 가 더해졌다 베트남에는  캄보디아에는 의 고율 관세가 부과됐고 유럽연합 제품에도 의 관세가 신규 적용됐다미국 정부는 이번 관세 부과가 자국 제조업 부활과 무역구조 정상화에 기여할 것이라고 설명하고 있다 트럼프 대통령은 이날 백악관 행사에서 관세 수입이 하루 억달러약 조억원에 달하고 있다며 미국은 수십 년간 불공정한 무역에 시달려 왔으며 이제는 공정한 거래로 돌아갈 것이라고 말했다관세 시행 직후 시장의 반응은 빠르게 나타났다 미국 년 만기 국채 금리는  이상 올라 를 기록했고 아시아 증시는 닷새 중 나흘째 하락했다 트럼프 대통령이 한국과의 협상 가능성을 언급하면서 뉴욕 증시는 장중 반등했지만 백악관이 중국에 대한 관세를 예정대로 강행하겠다고 밝히면서 다시 하락세로 전환됐다관세는 워싱턴 시각 일 시 분부터 발효됐다 일각에서는 유예 가능성도 거론됐지만 백악관은 전날 늦게 예외는 없다며 관세 시행 방침을 재확인했다 예일대 산하 예산연구소에 따르면 미국의 관세 수입은 전체 수입액 대비 기준으로 세기 초 이후 가장 높은 수준을 기록하게 됐다중국은 이날 오후까지 공식적인 보복 조치를 내놓지 않았지만 무역 갈등이 장기화될 가능성은 커지고 있다 리창 중국 총리는 외부 충격을 상쇄할 수 있는 충분한 정책 수단을 확보하고 있다고 밝혔고 중국 외교부는 끝까지 대응할 것이라고 경고했다무역상 불이익을 받은 국가들은 개별 협상에 나서고 있다 한국과 일본은 고위급 대표단을 워싱턴에 파견해 협상을 벌이고 있다 트럼프 대통령은 한국과  수입 알래스카 파이프라인 공동투자 방위비 분담 등을 논의했다며 큰 무역 합의가 이뤄질 수 있다고 밝혔다는 산업재 관세 철폐를 제안했지만 트럼프 대통령은 이를 거절했다 미국과의 무역구조 전반을 재조정하기엔 부족하다는 판단에서다미국 내에서는 우려의 목소리도 적지 않다 모간  제이미 다이먼은 주주서한에서 무역정책의 불확실성이 해소돼야 한다며 미국의 장기적 경제 동맹이 흔들릴 수 있다고 경고했다 투자자 빌 애크먼도 전략 자체는 동의하지만 시행 시점은 조정했어야 했다고 밝혔다트럼프 대통령은 향후 추가 관세도 예고하고 있다 의약품 목재 반도체 등을 대상으로 한 신규 관세가 조만간 발표될 예정이다 그동안 면세 대상이었던 중국과 홍콩발 소형 화물에도 과세를 추진 중이다,2025.04.09.
하이닉스가 삼성전자 제쳤다글로벌 램 점유율 첫 위,https://n.news.naver.com/mnews/article/469/0000858668,카운터포인트리서치 분기 램 점유율 집계 삼성 마이크론 올해 분기도 하이닉스가 위 전망카운트포인트리서치 제공하이닉스가 글로벌 램 시장에서 삼성전자를 제치고 위에 올랐다는 집계가 나왔다일 글로벌 시장조사업체 카운터포인트리서치에 따르면 올해분기월 램 시장에서 하이닉스가 점유율 를 차지해 삼성전자를 제쳤다미국 마이크론은 를 차지했다하이닉스가 삼성전자보다 높은 램 점유율을 기록한 건 이번이 처음이다글로벌 램 점유율은 년 분기 삼성전자  하이닉스 로 격차가 뚜렷했지만 분기월 삼성전자  하이닉스 로 가까워지다 올해 분기 역전됐다삼성전자의 주력인 범용 메모리 반도체가 수요 침체와 중국발 저가 물량 공세로 부진했던 반면 빅테크의 인공지능 투자 경쟁으로 고부가제품인 고대역폭메모리 시장이 호황을 이룬 영향으로 풀이된다 분야에서 의 압도적 우위를 가진 하이닉스는 현재 주력인 세대 제품을 엔비디아에 사실상 독점 공급하고 있다 하이닉스의 전체 램 매출 중  비중은 년 분기 를 넘겼고 올해는 절반 가까이 될 전망이다 최정구 카운터포인트리서치 수석 연구원은 하이닉스가 에 대한 강력한 수요에 성공적으로 대응한 결과라며 회사에 큰 이정표가 되는 사건이라고 평가했다카운터포인트리서치는 분기월에도 램 시장의 업체 점유율 양상이 비슷할 것이라고 내다봤다 도널드 트럼프 미국 대통령의 관세 폭탄에도  시장은 큰 영향을 받지 않을 것으로 보이기 때문 황민성 카운터포인트리서치 연구위원은 단기적으로는  수요가 강세를 유지하며 관세 충격의 영향을 덜 받을 가능성이 크다며 의 최종 제품은  서버로 본질적으로 국경을 넘어선 시장이라고 말했다 다만 장기적으로는 관세 충격으로 인한 경기침체 가능성이  시장 성장에 위험 요소로 작용할 여지가 있다고 카운터포인트리서치는 전망했다,2025.04.09.
마이너스의 손 전락한 서학개미들많이 담은 인기가 더 떨어졌다,https://n.news.naver.com/mnews/article/009/0005473743,년새  떨어져같은기간   하락연합뉴스미국 블랙록의 반도체 상장지수펀드 아이셰어스 반도체보다 반에크가 운용하는 반에크 반도체 수익률이 포인트 이상 높았다의 엔비디아 보유 비중이 텍사스인스트루먼트보다 낮은 등 시가총액 반영을 제대로 못하기 때문이라는 분석이다일 금융투자업계에 따르면 지난 년 새  수익률은 를 크게 밑돌았다지난해 월 일까지만 해도 는 달러 는 달러로 두 상품의 주가 격차는 달러가 채 안 됐다그런데 년 후 는  떨어진 달러가 됐고 는  떨어진 달러가 됐다 달러 미만이던 격차가 달러 이상으로 벌어진 것이다두 상품은 모두 우량 반도체 기업들에 수정 시가총액 가중방식으로 투자하고 있지만 보유 종목비중 차이가 있어 수익률 격차가 생겼다미국 업체에만 투자하는 와 달리 는 나 처럼 미국 증시에 상장된 글로벌 반도체 기업에도 투자하고 있다또 는 투자하는 개 종목 중 상위 개의 가중치를  내외로 제한하지만 는 개 중 상위 개의 가중치를 로 한정한다이에 는 지난해 엔비디아의 폭발적 주가 상승을 제한적으로만 흡수하게 됐다 지난 일 기준 는 엔비디아를  보유하고 있지만 는  담고 있다특히 는 텍사스인스트루먼트의 포트폴리오 비중이 엔비디아보다 더 높은 등 시가총액 비중 수정이 심하다는 지적이 나온다 텍사스인스트루먼트의 시가총액은 엔비디아보다 약 배 낮다박희운 한국투자신탁운용 솔루션본부장은 반도체지수 투자는 시가총액 가중 방식에 가까울수록 중장기적으로 좋은 성과를 낼 확률이 높다며 블랙록의 가 추종하는 반도체지수는 상위 종목의 시가총액 비중을 수정하는 과정에서 인간의 개입이 심하다고 지적했다이 같은 조정 방식이 개별 기업 리스크를 줄여 하락장에서 빛을 발한다는 통념도 올해는 통하지 않았다올해 들어 는  떨어졌지만 는  하락했다 상호관세 발표 이후 거래일간 수익률을 비교해도 는  하락하는 데 그쳤지만 는  떨어졌다미국의 중소형 반도체 기업들이 대중 수출에 의존하고 있어 관세 국면에서 주가 하락이 컸다는 분석이 나온다미국 반도체 기업들에 동일 가중 투자를 진행하는   반도체를 살펴봐도 올해 수익률과 상호관세 발표 이후 수익률에서 나 보다 더 부진한 모습을 보였다한편 서학개미들은 보다  투자를 선호하고 있다 는 와 달리 서학개미 보유 금액 톱 종목에 꾸준히 이름을 올리고 있다 와 같은 지수를 일일 배로 추종하는 디렉시온 데일리 반도체 불  셰어스의 인기도 영향을 미쳤다는 분석이다반면 전 세계적인 투자량을 보면 의 순자산약 조원이 보다 약 배 크다,2025.04.09.
조 잭팟 에이비엘바이오 올해 추가 기술이전 기대,https://n.news.naver.com/mnews/article/296/0000088445,이상훈 대표 올해부터 기업가치 폭발적 성장글로벌 기업 도약이상훈 에이비엘바이오 대표 사진온라인 기자간담회 캡쳐이상훈 에이비엘바이오 대표가 올해 뇌혈관 장벽 셔틀 그랩바디 기술이전을 이어가겠다는 포부를 내보였다에이비엘바이오는 글로벌 제약사 글락소스미스클라인과 체결한 최대 조원대 그랩바디 기술이전 체결을 기념해 일 온라인 간담회를 개최했다 이 대표는 간담회에서 기술이전의 의미와 그랩바디 관련 전략에 대해 소개하며 이같이 밝혔다이 대표는  기술이전을 통해 에이비엘바이오는 경쟁사보다 한발 앞선  시대의 리더로 자리잡을 것으로 예상한다고 말했다그랩바디는 이물질이 뇌로 유입되는 걸 보호하는 뇌 장벽인 에 약물이 효과적으로 침투할 수 있도록 돕는 플랫폼이다 인슐린 유사 성장인자 수용체를 통해 약물이 에 통과하고 뇌로 전달될 수 있도록 개발됐다앞서 일 에이비엘바이오는 와 그랩바디를 기반으로 새로운 퇴행성뇌질환 치료제 개발을 위한 기술이전 계약을 체결했다 계약금억원과 단기 마일스톤은 최대 억원 규모다 또한 복수의 프로그램 개발 허가 상업화 마일스톤으로 최대 조억원과 함께 판매 로열티 권리도 확보했다 계약에 따라 에이비엘바이오는 그랩바디 관련 기술과 노하우를 이전하고 는 전임상 임상개발 제조 상업화를 진행한다이 대표는 올해와 내년 그리고 이후에도 여러 번의 기술 이전이 가능하다는 것이 이번 계약의 하이라이트라며 와 중추신경계 주요 타겟인 아밀로이드와 타우에 대해서는 비독점적 계약을 체결했다고 설명했다 아밀로이드와 타우는 알츠하이머병의 주요 바이오마커로 꼽힌다이어 그랩바디의 모달리티치료 접근법와 타깃을 확장할 것이라며 특히 미충족수요가 높은  시장에서 글로벌 위상을 바탕으로 지속적인 기술이전을 내보이겠다고 했다그는 올해를 기준으로 기업 가치가 폭발적으로 상승할 것이라며 글로벌 바이오기업으로 도약하는 모습을 보여드리겠다고 말했다이날 에이비엘바이오는 담도암 신약 토베시미그 이중항체  등에 대해서도 발표했다 은 이중항체 신약으로 에이비엘바이오가 개발했고 미국 컴퍼스테라퓨틱스에 기술 이전한 후보물질이다,2025.04.09.
연합뉴스 이 시각 헤드라인,https://n.news.naver.com/mnews/article/001/0015320950,관세발효에 금융시장 또 출렁경제 수출내수 동반 위기미국 상호관세가 본격적으로 발효된 일 글로벌 관세 전쟁 우려에 금융시장이 요동치면서 한국 경제에 대한 위기감도 다시 고조됐다 원달러 환율이 장중 금융위기 이후 최고 수준인 원대 후반까지 뛰었고 코스피 지수는 년 반 만에 선 아래로 추락했다 수 개월의 리더십 공백 속에 부진한 내수 불안한 수출 전망까지 겹치면서 올해 한국 경제가 최악의 경우 역성장할 수 있다는 암울한 전망까지 나오고 있다전문보기 미국 상호관세 발효 코스피 선 아래로서울연합뉴스 김도훈 기자  미국의 상호관세가 발효와 함께 코스피 선이 무너진 일 오후 서울 중구 하나은행 본점 딜링룸에 각종 지수가 표시돼 있다이날 코스피는 전 거래일 대비 포인트 내린 으로 마감했다 코스닥 지수는 전 거래일보다 포인트 내린 로 장을 마쳤다한편 시분 서울 외환시장에서 원달러 환율은 전날보다 원 오른 원을 기록했다   은 맞불 등 다수는 협상 모색트럼프 관세전쟁 전망은미국이 한국을 포함한 여개국에 세율을 차등 적용하는 상호관세가 일미국 동부시간 시 분을 기해 발효되면서 도널드 트럼프 대통령 주도의 관세전쟁은 루비콘강을 건넌 형국이다 트럼프 대통령이 무역적자 해소 등의 목적을 달성하면서 세계 자유무역의 틀은 유지되는 길로 가게 될지 아니면 미중간 충돌 속에 전세계적 관세전쟁이 촉발되며 자유무역 체제가 보호무역 체제로 급속히 전환할지 등 양 갈래 길의 기로에 선 형국이다 트럼프 대통령은 취임 이후 철강알루미늄자동차 등에 대해 의 품목별 관세를 도입한 데 이어 지난 일부터 전세계 교역 상대국에 의 기본관세보편관세를 부과했다 이날부터 한국을 포함한 미국의 주요 무역상대국에 대해서는 기본관세율 이상인 상호관세로 기본관세를 대체했다전문보기  민주 이완규 지명 헌법 농단국민의힘 대행 권한 제한 없어국회에서 일 열린 법제사법위원회 전체회의에서 한덕수 대통령 권한대행 국무총리가 전날 이완규 법제처장을 대통령 몫의 헌법재판관 후보자로 지명한 것을 두고 공방이 벌어졌다 더불어민주당 등은 법사위 소관 기관장으로 출석한 이 처장을 향해 대통령이 아닌 권한대행이 대통령 몫의 헌법재판관 후보자를 지명한 것은 정당성이 없다고 주장했다 민주당 이성윤 의원은 이완규 지명은 윤석열 국민의힘 한덕수 등 반헌법 세력이 내란을 연장비호하려는 헌법 농단이라며 윤 전 대통령이 임기가 끝났는데도 대통령 상왕이나 되는 것처럼 행동한다고 비난했다전문보기   대통령기록물 이관 본격화계엄 관련 문건 공개 여부 주목윤석열 전 대통령의 파면으로 대통령기록물 이관 작업이 일 본격화한 가운데 비상계엄 관련 기록물의 공개 여부에 관심이 집중된다 대통령기록물 이관 작업을 담당하는 행정안전부 대통령기록관은 이날부터 일까지 대통령기록물 생산기관 현장 점검에 착수했다 대상 기관은 대통령비서실과 대통령경호처 등 대통령기록물법에 따른 보좌기관 경호기관 자문기관 등 모두 곳이다전문보기  억 금품 전준경 전 민주연 부원장 심 징역 년개월 법정구속국민권익위원회 비상임위원 등을 지내며 백현동 개발업자 등으로부터 억원대 금품을 수수한 혐의로 재판에 넘겨진 전준경 전 민주연구원 부원장이 심에서 징역 년 개월을 선고받고 법정 구속됐다 서울중앙지법 형사합의부우인성 부장판사는 일 뇌물수수 및 특정범죄 가중처벌법상 알선수재 혐의로 기소된 전 전 부원장에게 징역 년 개월과 추징금 억만원 벌금 천만원을 선고했다 재판부는 피고인은 고충 민원과 불합리한 행정제도를 처리하고 부패행위를 규제해 국민 권익을 보호함을 목적으로 설치된 권익위 위원 등으로서 그 지위와 직무수행 중 형성된 친분을 이용해 각종 민원 인허가 사항에 관해 여러 차례 적극적으로 알선했다고 지적했다전문보기  정치자금법 위반 명태균김영선 보석 허가방어권 보장법원이 국회의원 공천을 대가로 서로 돈을 주고받은 혐의 등으로 구속기소 된 정치 브로커 명태균 씨와 국민의힘 김영선 전 의원의 보석 신청을 허가했다 창원지법 형사부김인택 부장판사는 이날 정치자금법 위반 혐의로 구속기소 된 명씨와 김 전 의원 측의 보석 신청을 받아들여 보석 인용을 결정했다 재판부는 두 사람의 보석을 허가하면서 주거지 제한과 각 보증금 천만원 납입 거주지 변경 시 허가 의무 법원 소환 시 출석 의무 증거인멸 금지 의무 등 조건을 같이 내걸었다전문보기  최상목 조 필수 추경안 최대한 빨리 제출할 것최상목 부총리 겸 기획재정부 장관은 일 정부가 추진 중인 조원 필수 추경과 관련해 실무적인 작업을 해 다음 주 최대한 빨리 제출할 생각이라고 말했다 최 부총리는 이날 충남 예산군 사과 과수원 내포농원을 방문한 자리에서 기자들과 만나 이같이 밝혔다 정부는 각 부처 소요안을 반영해 다음 주 초 추가경정 예산안을 발표할 계획이다전문보기   날개 하이닉스 삼성전자 제치고 램 점유율 첫 위하이닉스가 글로벌 램 시장에서 삼성전자를 제치고 위에 올랐다는 분석이 나왔다 일 글로벌 시장조사업체 카운터포인트리서치에 따르면 올해 분기 램 시장에서 하이닉스가 점유율 를 차지했으며 삼성전자가  마이크론이 로 뒤를 쫓았다 하이닉스는 특히 핵심 기술인 고대역폭 메모리 분야에서 의 시장 점유율로 압도적 우위를 점한 것으로 나타났다전문보기  돌과 부딪힌 예초기 칼날서 튄 불티 산불로 비화 가능성 커최근 경남 산청과 하동에서 잇따라 발생한 대형 산불의 원인으로 추정되는 예초기 불티가 실제 화재로 이어질 가능성이 있다는 소방 실험 결과가 나와 눈길을 끈다 일 경남소방본부 등에 따르면 올들어 지금까지 예초기가 원인으로 지목된 화재는 총 건 발생했다 지난달 일 발생한 산청 시천면 산불과 지난달 일 하동 진교면에서 발생한 고사리밭 화재 지난 일 발생한 하동 옥종면 산불 원인이 예초기로 지목됐다전문보기  모가지 따러 왔수다공비목사 습격사건 김신조 별세년 박정희 대통령 살해를 목표로 이른바  사태로 불리는 청와대 습격사건을 일으킨 북한 무장공비들 가운데 유일하게 투항한 요원으로 귀순해 목사로 활동한 김신조 씨가 일 별세했다 향년 세 서울성락교회 등에 따르면 김씨는 이날 새벽 세상을 떠났다 년 함경북도 청진 출신으로 인민군 장교가 된 김씨는 세이던 년 월 일 북한이 남파한 무장공비 명 가운데 한 명이다 박 대통령을 살해하는 게 이들의 최종 목표였다전문보기,2025.04.09.
이 판 뒤집었다  삼성 년 램 절대강자 자리 내줄판,https://n.news.naver.com/mnews/article/009/0005473738,하이닉스 분기 기준 램 글로벌 점유율 위로년 챗 열풍 확산에 서버수요 폭발적 성장차세대 에 미래 있다하이닉스 무섭게 치고나가제품개발 먼저 성공했던 삼성시장 오판해 초기대응 늦어하반기 로 반격 채비 반도체 전쟁 삼성전자가 년 이후 년 만에 램 위라는 타이틀을 하이닉스에 내줄 위기에 처했다 주된 원인으로는 인공지능 데이터센터의 필수품인 고대역폭메모리 개발에 뒤처졌기 때문이라는 평가가 나온다 년 말 오픈가 챗를 내놓은 이후 막대한 연산능력이 필요한  데이터센터시장이 급성장했는데 삼성전자가 적기에 대응하지 못했다는 지적이다일 시장조사업체 카운터포인트리서치에 따르면 년 분기 램 점유율 순위매출액 기준에서 하이닉스가 로 위를 차지했다 이어 삼성전자  마이크론  기타  순이었다 작년 분기에는 삼성전자  하이닉스  마이크론  순이었다 하이닉스와 마이크론이 크게 성장한 점이 두드러진다삼성전자가 램시장 위를 놓치게 된 것은 년 만이다 삼성전자는 년 월 세계에서 처음으로 메가비트 램을 내놓으면서 도시바를 비롯한 당시 일본 반도체 주력 기업을 제치는 발판을 마련했다 램 강자로 우뚝 선 것이다 삼성전자는 년대 후반부터 기술력 중심의 초격차 전략에 시동을 걸었다 특히 년  램 양산 년대 초반 기가비트 램 개발은 세계 최초였다 년대 들어서도 시장을 주도했다 모바일용 램 수요에 대응해  시리즈저전력 램를 빠르게 상용화한 것이 대표적이다하지만 년대 들어 상황이 서서히 달라졌다 삼성전자는 년  년  양산에 성공했다 하지만 하이닉스가   제품을 시장에 더 먼저 공급하면서 질주하기 시작했다 특히 주요 고객사인 엔비디아의 선택을 받은 것이 주효했다하이닉스는 작년 월  단 분기에는  단 제품을 엔비디아에 각각 공급했다 또 올해 월에는 엔비디아에  단 샘플마저 전달을 마쳤다 전영현 삼성전자 반도체부문 부회장이 올 월 정기 주주총회에서 이르면 분기 늦어도 하반기부터는  단 제품이 시장에서 주도적인 역할을 할 수 있을 것이라고 밝힌 것을 고려할 때 경쟁사에 비해 선단 공정 진척 속도가 더딘 셈이다최근 램 업계 실적은  가속기 업계가 로드맵에 착수할 때마다 상승 곡선을 그린다 예를 들어 엔비디아  가속기는 발전 단계가 호퍼그레이스 호퍼블랙웰년 블랙웰 울트라루빈년루빈 울트라년파인먼년 순이다 의 큰 수요는 엔비디아 칩 성능에 비례한다 블랙웰에는  기가바이트가 블랙웰 울트라에는  가 각각 탑재된다 또 루빈 울트라에는  테라바이트를 탑재할 예정이고 년 출시되는 루빈 울트라는 현재보다 배 많은  용량을 요구할 것으로 알려졌다하이닉스가 램시장 위를 탈환한 것은 개발이 빨랐을 뿐만 아니라 시장을 조기에 장악한 것과 무관하지 않다 삼성전자  일부 제품은 발열 문제로 아직 엔비디아에서 퀄품질테스트를 받고 있는 상태다하이닉스는 올해 하반기에  개발양산 준비 작업을 모두 마무리하겠다는 계획을 수립했다 특히 는 세대 공정인 나노 공정을 적용한 것으로 알려졌다 삼성전자 역시  개발에 박차를 가한 상태다 삼성전자는 올 월 콘퍼런스콜에서  단의 경우 고객 상용화 수요는 없을 것으로 보이지만 단 스택 기술 검증 차원에서 샘플을 제작해 주요 고객사에 전달했다면서 나노 기반 는 년 하반기 양산을 목표로 기존 계획대로 개발 중이라고 설명했다삼성전자는 이를 위해 파운드리 인력 일부를 메모리사업부로 배치하고  개발양산 최적화를 진행하고 있다 시장 공급이 부족한  단 제품 양산을 극대화하는 동시에  개발에 방점을 두고 있다이에 삼성전자는 파운드리위탁생산사업부 인력 일부를 메모리사업부로 전환 배치했다 또  단에 들어가는 로직 다이 업무를 메모리사업부에서 파운드리사업부로 이관했다 은 여러 램을 수직으로 겹겹이 쌓아 올린 메모리다 로직 다이는 램을 쌓아 만드는 의 가장 밑단에 배치되는 핵심 부품으로 적층된 램을 제어하는 두뇌 역할을 담당한다또 삼성전자는  단 제품에 대한 양산을 극대화하고 있다 경쟁사의  예약 판매 물량이 올해 모두 마감된 것을 고려해 공급량을 대대적으로 늘리는 것이다 삼성전자 안팎에서는  개발과 양산 준비에 성공할 경우  생산을 접고  이후 로드맵으로 개발과 공정을 재편해 초격차를 달성할 것으로 보고 있다이상덕 기자  박승주 기자  박소라 기자,2025.04.09.
관세 충격에 반도체 수요 둔화  서버스마트폰용 총망라,https://n.news.naver.com/mnews/article/009/0005473737,글로벌 공급망 불확실성 커져 필수 서버 수요 줄어올 출하증가율 서 로스마트폰 수요도  역성장 반도체 전쟁 글로벌 반도체시장이 요동치고 있다 전통 강자였던 삼성전자가 하이닉스에 램 위 자리를 내줬을 정도로 고대역폭메모리를 둘러싼 기술 패권 경쟁이 치열하다 인공지능 수요가 시장을 이끄는 와중에도 무역 장벽과 지정학적 리스크가 변수로 떠올라 예측 불가 시대에 접어들었다는 분석이다정보기술 산업도 다시 안갯속에 갇혔다 미국의 관세 정책이 글로벌 공급망을 흔들 가능성이 커지면서 주요  제품군의 올해 출하량 전망이 일제히 하향 조정됐다 최악의 경우  서버 성장률은 포인트 이상 떨어지고 스마트폰은 역성장할 것이란 관측까지 나온다일 시장조사업체 트렌드포스는 미국 상호관세 부과에 따라  서버 일반 서버 스마트폰 노트북컴퓨터 등의 올해 출하 전망치를 낮춰 잡았다 특히  서버는 기존 대 성장률에서 최대 포인트 이상 낮아질 가능성이 제기됐다  서버에 들어가는  가속기에는 하이닉스 삼성전자의 이 필수로 탑재되기 때문에 수요가 위축되면 한국 업체들의 공급 물량도 둔화할 수 있다 트렌드포스는 관세가 높아지면 전 세계적으로 인플레이션이 유발되고 소비자의 구매력이 침식될 수 있다며  서버에 대한 투자를 더 지연시켜 연간 출하량 성장률을 로 낮추는 결과를 낳을 가능성이 크다고 분석했다 스마트폰은 전년 수준에 그치거나 전년 대비  역성장할 것으로 내다봤고 노트북컴퓨터는 성장 정체를 예상했다이러한 비관적 전망은 단기적 수요 급감 때문이라기보다는 글로벌  공급망의 미래를 예측할 수 없는 불확실성이 더 큰 원인이라는 분석이 나온다 많은 기업이 관세 시행 이전 미국향 출하를 미리 앞당긴 영향으로 올 분기 실적은 양호하게 나타났을 가능성이 크다 실제로 삼성전자를 비롯한 국내 주요 기업들의 올 분기 실적이 기대 이상으로 선방한 것도 이러한 선출하 효과가 반영된 결과라는 해석이다 문제는 일회성 효과는 분기 이후부터 사라질 수 있다는 점이다 을 중심으로 한  반도체 특수가 당분간 유지될 것이라는 기대가 존재하지만 장기적으로는 관세 리스크와 글로벌 경기 둔화 우려에서 자유롭지 않다는 해석도 있다반도체의 경우 메모리 가격이 반등세로 돌아서는 등 업황을 둘러싼 기대감도 흘러나오지만 불확실성은 여전히 크다 아직 반도체는 상호관세 대상에서 제외돼 있지만 철강이나 자동차처럼  수준의 고율 관세가 적용될 수 있다는 우려가 나온다 폭탄 관세가 현실화하면 반도체의 봄은 기대하기 어렵다는 분위기다이에 업계의 시선은 온통 미국에 쏠려 있다 미국은 이날 개국을 대상으로 국가별 상호관세를 전면 발효한 뒤 개별 협상에 나선다 트럼프 미 행정부는 동맹인 한국일본을 협상 최우선 순위에 두겠다고 했고 보복관세를 예고한 중국에는 상호관세를 에서 로 인상해 누적 의 추가 관세를 부과했다박승주 기자,2025.04.09.
위안화 절하 나선  끝까지 싸운다트럼프 환율 조작,https://n.news.naver.com/mnews/article/015/0005117219,관세폭탄 맞은  환율전쟁 방아쇠위안화 절하 카드로 반격  관세  폭격위안화 가치 개월 최저원달러 금융위기 이후 최고 힘 자랑  도널드 트럼프 미국 대통령이 일현지시간 백악관에서 석탄산업을 활성화하는 행정명령을 발표하고 있다 트럼프 대통령은 안전모를 쓴 석탄업 종사자들 앞에서 석탄은 가장 신뢰할 수 있고 오래가며 안전하고 강력한 형태의 에너지라고 말했다 연합뉴스미국이 일 중국에 의 추가 관세를 부과하자 중국이 달러당 위안화 환율을 개월 내 최고 수준으로 높였다 미국의 상호관세 부과에 위안화 평가 절하로 맞선 것이다중국 인민은행은 이날 달러당 위안화 환율을 전날보다  올린 위안으로 고시했다 년 월 이후 최고다 인민은행은 전날 지난해 월 미국 대선에서 도널드 트럼프 대통령이 당선된 이후 처음으로 달러당 위안화 환율을 위안대로 높였다 중국은 그동안 위안화 환율이 위안을 넘지 않도록 관리해 왔는데 이를 허문 것이다중국 정부가 위안화 평가 절하에 나선 것은 미국의 고율 관세로 타격이 불가피한 수출 기업을 지원하기 위해서라는 분석이 나온다 트럼프 행정부는 이날 중국에 의 상호관세를 부과하는 등 예고한 국가별 상호관세를 강행했다 트럼프 행정부는 지난 월과 월에도 중국에 각각 의 추가 관세를 부과했다 이로써 미국의 대중 추가 관세는 로 높아졌다 대미 수출이 사실상 힘들어지는 것이다 위안화 가치를 낮추면 관세 충격을 일부 상쇄할 수 있다트럼프 대통령은 이날 상호관세 발효 전 워싱턴에서 열린 공화당의회위원회 만찬에서 중국은 오늘 통화를 절하한다는 발표를 했다며 그들은 환율을 조작하고 있다고 직격했다 그러면서 그것이 오늘 밤한국시간 일 오후 시분 발효되는 중국 제품에 대한  관세가 그들이 협상할 때까지 유효한 이유라고 했다미중 관세전쟁이 격해지면서 원화 가치도 급락했다 이날 서울외환시장에서 원달러 환율은 전날보다 원전 오른 원전에 마감해 년 금융위기 이후 년 만에 최고치를 기록했다환율전쟁으로 번진 관세전쟁 장기전 모드 돌입당국 심리적 마지노선이던 달러당 위안선 허물어미국과 중국의 관세전쟁이 환율전쟁으로 확전하고 있다 중국산 수입품에  추가 관세를 부과한 미국에 중국이 위안화 가치 절하로 맞서면서다 도널드 트럼프 미국 대통령이 중국의 전화를 기다리고 있다며 중국에 협상에 나설 것을 요구했지만 중국은 미국의 태도 변화가 필요하다며 장기전 태세에 들어갔다수출 통제보다 파급력 큰 환율 무기중국 인민은행이 일 달러당 위안화 환율을 전날보다  높은위안화 가치는 하락 위안에 고시하자 외환시장 안팎에선 중국이 환율 반격 카드를 꺼냈다는 분석이 나왔다 미중 관세전쟁 확산과 맞물려 위안화 가치는 거래일 연속 절하 행진을 이어가고 있다달러당 위안은 중국 당국의 심리적 마지노선으로 여겨졌다 전날 역외 위안화 환율은 년 역외 위안화 시장 창설 이후 최고치인 달러당 위안을 기록했는데 이날까지도 인민은행은 연이어 고시 환율을 높였다 월가에선 미국과 중국이 합의점을 찾지 못하면 당분간 위안화 가치 하락 속도가 더 빨라질 것으로 보고 있다 웰스파고는 역외 위안화 환율이 달러당 위안 이상으로 뛰어오를 수 있다고 내다봤다 웰스파고는 앞으로 개월간 최대 의 고의적 위안화 평가절하가 있을 수 있다고 관측했으며 글로벌 투자은행 제프리스는 중국이 환율 무기를 본격적으로 사용한다면 최대 까지 큰 폭의 위안화 절하가 가능하다고 봤다중국 정부가 위안화 평가절하를 용인하는 건 미국과의 관세전쟁에 따른 부정적 영향을 상쇄할 필요성이 커져서다 위안화 가치가 떨어지면 중국산 제품의 수출 단가는 낮아진다 이렇게 되면 중국이 받는 미국의 관세 압박을 일부 완화하는 효과를 낸다 년 트럼프 기 행정부가 중국에 관세를 부과했을 때도 중국 정부는 위안화 가치를  넘게 평가절하했다 트럼프 대통령이 일현지시간 공화당의회위원회 만찬 행사에서 중국이 관세 영향을 상쇄하기 위해 통화를 조작하고 있다고 맹비난한 것도 이 때문이다중국이 노리는 건  분열일각에선 앞으로 중국이 위안화 가치를 점진적으로 절하해 미국의 관세 폭격에 대응할 것으로 보고 있다 이미 중국 정부는 맞관세 차원에서 미국산 제품에 의 보복 관세를 매겼다 희토류 수출 제한 조치도 밝혔지만 환율 무기는 그 어떤 대응 방안보다 정교하고 파급력이 큰 정책 수단이라는 게 파이낸셜타임스의 분석이다미국과 서둘러 협상에 나서려는 다른 국가들과 달리 중국은 정면 대응을 택하고 있다 총 에 달하는 추가 관세가 발표된 일에도 중국은 미국이 고집대로 한다면 반드시 끝까지 맞설 것이라고 목소리를 높이며 강경한 입장을 고수했다영국 주간지 이코노미스트와 중국 현지 매체들의 분석을 종합해보면 중국은 미국 내 기업과 국민들의 반발이 자국에 유리하게 작용할 것으로 판단하고 있다 트럼프 대통령의 관세 인상으로 소비재 가격을 비롯한 미국 물가가 치솟고 기업 경영 환경이 악화하면 미국 내에서 불만이 극에 달할 것이라는 논리다미국이 중국에서 들여오는 수입품에는 원자재와 중간재뿐 아니라 의류 가정용품 장난감 등 소비재가 상당수 포함돼 있다 이코노미스트는 관세로 이들 제품 가격이 오르면 소비자들은 민감하게 반응할 수밖에 없을 것이라고 분석했다 전문가들은 트럼프 대통령과 시진핑 중국 국가주석이 관세전쟁에 따른 경제적 피해와 정치적 파장을 얼마나 잘 버텨내는지가 협상의 핵심이 될 것이라고 전망한다베이징김은정 특파원워싱턴이상은 특파원이혜인 기자,2025.04.09.
세면 짐싼다  고용시장서 소외된 대,https://n.news.naver.com/mnews/article/009/0005473724,정년 못 채운 중장년층 속출인력난 서도 퇴출 늘어청년 실업 년만에 가장 높아취업 지원책은  위주로일자리 쇼크가 확산되는 가운데 대 중년층이 취업시장에서 소외받는 것은 물론 정부의 고용 지원에서도 차별받는 것으로 나타났다 임금과 근로 조건이 떨어지는 일자리인데도 법정 정년에 못 미치는 세면 직장에서 퇴출된다는 분석이 나왔다최근 한국보건사회연구원이 발표한 중년기 고용의 질이 노년기 다차원 빈곤에 미치는 영향 논문에 따르면 고용의 질이 비교적 낮은 집단에서도 노동시장에서 퇴출되는 연령이 세인 것으로 조사됐다대기업 정규직이나 공공기관 등 선호 직장이 아닌 곳은 인력난을 겪기 때문에 비교적 근로자가 오래 일할 수 있는 것으로 알려졌다 그러나 고용의 질이 낮든 높든 중년층은 정년을 한참 남긴 상황에서 고용시장으로 퇴출되고 있는 현상이 연구 결과로 드러난 것이다 연구진은 년 발표된 한국노동패널조사 데이터를 기반으로 세 중년층 고용 현황을 분석했다 이들을 고용의 질이 좋은 순서대로 높은안정형 중간안정형 급진변동형 급진퇴장형 점진퇴장형으로 분류한 뒤 평균적으로 노동시장에서 퇴출되는 시기를 조사했다 그 결과 고용의 질이 비교적 낮은 급진퇴장형과 점진퇴장형에 속한 의 중년층도 약 세 시점에 노동시장에서 퇴출되는 것으로 분석됐다문제는 장년층이 청년층에 비해 고용 정책에서도 소외되고 있다는 점이다 만 세 이상세 미만 신중년을 신규 채용하는 사업주에게 인건비를 지원하는 신중년 적합직무 고용 지원제도가 작년에 폐지됐고 고용노동부가 운영하는 대표적 직업 훈련 프로그램인 국민취업지원제도 참여자 중 세 이상 장년층은 극히 적다한국고용정보원에 따르면 지난해부터 올해 월까지 국민취업지원제도에 참여한 대는 로 세 청년층에 크게 못 미쳤다 연구진은 중장년층은 낀 세대로 청년층과 마찬가지로 고용 불안정 우려가 있음에도 정책적 부분에서 간과되는 연령이라고 지적했다최근 경기 부진으로 청년 고용도 찬바람이 불고 있다 실업률은 코로나 팬데믹 이후 최고치로 뛰었고 경제활동을 포기한 쉬었음 청년도 계절적 요인을 감안했을 때 년 만에 가장 많았다일 통계청에 따르면 지난달 세 청년 실업률은 를 기록했다 동월 기준 팬데믹이 한창이던 년 월 이후 가장 높은 기록이다구직활동조차 하지 않는 쉬었음 청년도 여전히 많다 전체 쉬었음 인구는 지난달 만명으로 년 전보다 만명 증가했는데 이 중 대는 만명으로 만명나 늘었다월 기준으로 년 관련 통계를 집계한 이래 가장 큰 규모다 지난달 청년층 고용률도 로 포인트 떨어졌다 역시 년 월 이후 최저치다 장주성 기획재정부 인력정책과장은 지난해까지 핵심 취업계층인 대 후반은 대 초반보다 상황이 나았지만 올해 들어서는 대 후반도 고용 부진 여파가 미치고 있다며 기업의 경력직 선호 현상이 시간이 갈수록 심화되면서 청년들이 취업시장에 진입하지 못한 것으로 보인다고 말했다한편 지난달 건설업 취업자는 년 전보다 만명 급감하며 년 통계 집계 이후 최대 폭으로 줄었다 지난해 월 이후 개월간 감소하고 있다 제조업 취업자도 만명 줄어 년개월 만에 최대 감소폭을 기록했다강인선 기자  류영욱 기자,2025.04.09.
가상자산 시장 냉각스트레티지  급락,https://n.news.naver.com/mnews/article/009/0005473717,비트코인 이더리움  뚝  상장에도  하락도널드 트럼프 미국 대통령발 관세 전쟁이 날로 격화되면서 투자심리가 위축되자 가상자산시장에도 찬바람이 불었다비트코인 가격이  넘게 하락했고 대표 알트코인인 이더리움과 는 하락 폭이 씩에 달하며 전반적인 약세를 보였다일 오후 시 기준 비트코인은 전일 대비  하락한 만달러를 기록했다 알트코인 대표 주자인 이더리움 역시  급락해 달러로 떨어졌다 솔라나는  하락한 달러에 거래됐다는 현물 상장지수펀드 상장에도 역풍을 맞았다 미국에서 첫  레버리지     가 일현지시간 상장됐으나 시장 전반의 투자심리 위축으로 이날  가격은 전일 대비  하락했다 대표적인 밈코인인 도지코인 역시  내려 달러에 거래됐다미국 증시에서는 가상자산 관련 상장사들이 줄줄이 하락했다 세계에서 비트코인을 가장 많이 보유한 기업인 스트레티지 주가는  미국 최대 가상자산 거래소 코인베이스는  급락했다이는 트럼프 대통령이 중국에  관세 부과 방침을 재확인하며 글로벌 무역 긴장이 고조된 데 따른 위험자산 회피 심리 확대가 직접적인 원인으로 분석된다다만 횡보장에도 비트코인 강세론자들은 굳건한 신뢰를 표현했다 헌터 호슬리 비트와이즈 최고경영자는 미국 달러화에 대한 신뢰가 약화하고 다른 통화들은 더 약해 보인다며 투자자들이 선택할 수 있는 대안이 제한적이라고 지적했다 그는 전통적인 안전자산으로 여겨지는 금 역시 운송과 보관에 어려움이 있어 결국 비트코인을 선택하게 될 것이라고 주장했다권오균 기자,2025.04.09.
관세 직격탄애플 에 시총위 내줘,https://n.news.naver.com/mnews/article/009/0005473715,생산매출  의존 높은 애플고율관세 발표에 투자자 우려하루만에 주가  곤두박질 소프트웨어 사업비중 커트럼프 관세 폭풍 피해가미국과 중국의 관세 전쟁 여파로 애플이 나스닥 시가총액 위로 밀려났다 반면에 중국 의존도가 낮은 마이크로소프트는 하락폭이 점차 둔화하면서 애플을 제치고 시가총액 위에 올랐다일현지시간 미국 뉴욕 증시에서 애플 주가는 전날보다  급락한 달러로 마감했다 이에 따라 애플의 시가총액은 조억달러약 조원로 쪼그라들었다반면 같은 날 는 주가가  하락하는 데 그쳤다 이에  시가총액은 조억달러약 조원로 애플을 추월했다애플의 주가 급락은 미국이 중국산 제품에 대해 에 이르는 고율 관세를 부과하기로 결정했기 때문으로 분석된다 이는 중국이 일부터 포인트 추가 관세를 부과하는 등 차 보복 조치를 발표한 데 따른 것이다이번 조치로 아이폰 아이패드 맥북 등 애플 주력 제품 대부분이 가격 인상과 수요 둔화가 불가피해진 것이다 애플에 중국은 전체 제품의 약 를 생산할 정도로 핵심 생산기지이자 최대 시장이다 실제로 애플은 중국 선전 청두 등지 폭스콘 페가트론 등 주요 협력업체들에서 제품을 공급받고 있다현재 애플은 인도와 베트남 등 다른 국가에서도 제품을 공급받지만 중국보다는 비중이 훨씬 낮다가령 인도에서는 아이폰 전체의 약 를 생산하고 있고 베트남 공장에서는 에어팟애플워치 등 웨어러블 기기를 주로 만드는 데 그친다또한 중국은 지난 한 해 애플의 총매출 억달러 중 약 인 억달러를 차지할 정도로 큰 시장이기도 하다 하지만 미중 갈등이 계속되면 중국 소비자조차 애플에 등을 돌리고 샤오미화웨이 등 자국 제품 소비에 나설 수 있는 만큼 아이폰 판매량이 큰 타격을 받을 전망이다반면 는 하드웨어가 아닌 소프트웨어 중심의 사업 모델을 갖고 있어 관세의 영향을 덜 받는다고 투자자들은 보고 있다의 주력 제품은 윈도 오피스 클라우드 컴퓨팅 등 제조업이 아닌 서비스에 해당하기 때문이다 현재 도널드 트럼프 미 행정부가 부과한 관세는 자동차 철강 전자기기 같은 제품에 적용되기 때문에 이 같은 서비스 분야는 영향을 거의 받지 않을 전망이다실제로 회계연도 기준으로 의 하드웨어 매출은 억달러였는데 이는 전체 억달러의 에 불과했다또한 의 중국 매출 비중은 전 세계의 에 불과한 만큼 중국이 미국 소프트웨어 산업에 보복 조치를 감행하더라도 실적에 영향을 주기는 어려울 전망이다게다가 는 중국 내 합작 회사인 위크리소프트에서 직원 명을 해고하고 운영을 중단하는 등 이미 사업 축소에 나선 상황이다이에 애플 또한 올해 말까지 아이폰의 인도 생산 비중을 까지 늘리고 인도네시아 바탐반둥 등지에 공장을 건설하는 등 중국 의존도를 낮추기 위해 노력하고 있다하지만 당분간 미중 갈등이 격화함에 따라 투자자 우려는 계속될 전망이다박상현 증권 연구원은 중국이 트럼프 기 당시와 달리 협상을 통한 미중 갈등 해소에 미온적인 입장을 보이고 있다며 최근 위안화 가치 급락은 중국이 환율 전쟁에 나서면서 미중 갈등이 더욱 격화될 수 있음을 시사한다고 내다봤다김대은 기자,2025.04.09.
관세폭탄 맞은  환율전쟁 방아쇠,https://n.news.naver.com/mnews/article/015/0005117213,위안화 절하 카드로 반격  관세  폭격위안화 가치 개월 최저원달러 금융위기 이후 최고 년개월 만에코스피  붕괴  미국의 상호관세 발효와 미중 갈등 격화 우려에 일 코스피지수가 선 밑으로 추락했다 년 월 일 이후 년개월여 만이다 서울 여의도 한국거래소의 주식 현황판에 코스피지수 등 종가가 표시돼 있다 연합뉴스미국이 일 중국에 의 추가 관세를 부과하자 중국이 달러당 위안화 환율을 개월 내 최고 수준으로 높였다 미국의 상호관세 부과에 위안화 평가 절하로 맞선 것이다중국 인민은행은 이날 달러당 위안화 환율을 전날보다  올린 위안으로 고시했다 년 월 이후 최고다 인민은행은 전날 지난해 월 미국 대선에서 도널드 트럼프 대통령이 당선된 이후 처음으로 달러당 위안화 환율을 위안대로 높였다 중국은 그동안 위안화 환율이 위안을 넘지 않도록 관리해 왔는데 이를 허문 것이다중국 정부가 위안화 평가 절하에 나선 것은 미국의 고율 관세로 타격이 불가피한 수출 기업을 지원하기 위해서라는 분석이 나온다 트럼프 행정부는 이날 중국에 의 상호관세를 부과하는 등 예고한 국가별 상호관세를 강행했다 트럼프 행정부는 지난 월과 월에도 중국에 각각 의 추가 관세를 부과했다 이로써 미국의 대중 추가 관세는 로 높아졌다 대미 수출이 사실상 힘들어지는 것이다 위안화 가치를 낮추면 관세 충격을 일부 상쇄할 수 있다트럼프 대통령은 이날 상호관세 발효 전 워싱턴에서 열린 공화당의회위원회 만찬에서 중국은 오늘 통화를 절하한다는 발표를 했다며 그들은 환율을 조작하고 있다고 직격했다 그러면서 그것이 오늘 밤한국시간 일 오후 시분 발효되는 중국 제품에 대한  관세가 그들이 협상할 때까지 유효한 이유라고 했다미중 관세전쟁이 격해지면서 원화 가치도 급락했다 이날 서울외환시장에서 원달러 환율은 전날보다 원전 오른 원전에 마감해 년 금융위기 이후 년 만에 최고치를 기록했다베이징김은정워싱턴이상은 특파원,2025.04.09.
해외전용 라면 한국서도 통할까탱글  신라면 치킨 격돌,https://n.news.naver.com/mnews/article/018/0005983561,삼양식품 수출 전용 라면브랜드 탱글 선보여농심 수출용 라면 신라면 치킨 국내 출시 검토해외서 검증 라면된 국내에 잇따라 출시이색맛 찾는 소비자외국인 공략라면 라인업 확장이데일리 오희나 기자 국내 라면업계가 푸드로 날개를 단 가운데 해외시장에서 인기인 수출 전용 라면을 국내에 출시하고 있다 이색 라면을 찾는 국내 소비자는 물론 외국인 입맛과 취향을 겨냥한 해외전용제품으로 틈새시장을 공략한다는 계획이다일 업계에 따르면 삼양식품은 고단백 간편식 파스타 브랜드 탱글을 이르면 이달말 국내에 출시할 예정이다 탱글은 년 삼양식품이 수출 전용으로 선보인 프리미엄 건면 브랜드다 삼양식품은 큼직한 토마토에 마늘과 양파를 풍미를 살린 토마토 파스타인 청크토마토 파스타 올리브오일에 마늘과 레드페퍼를 넣어 알싸한 맛이 특징인 갈릭오일 파스타 양송이 표고버섯과 트러플 향으로 풍미를 살린 꾸덕한 크림 파스타인 머쉬룸크림 파스타 등 종을 출시한다는 계획이다또한 삼양식품은 지난해 해외전용중국으로 출시했던 제품인 푸팟퐁커리 불닭볶음면도 이르면 이달중 출시한다 이 제품은 기존 불닭 고유의 맛에 태국 대표 커리요리인 푸팟퐁커리게살 커리의 풍미를 더한 것이 특징이다삼양식품 관계자는 해외에서 반응이 좋은 인기 제품에 대한 국내 소비자들의 출시 요구가 많아 선보이게 됐다면서 국내 출시는 매출 증대뿐 아니라 다양한 제품을 공급함으로써 소비자의 기대에 부응하고 교감할 수 있어 마케팅 측면에서도 상당한 의미가 있다고 말했다농심은 수출용 라면 신라면 치킨의 국내 출시를 검토하고 있다 신라면 치킨은 아시아 및 유럽권 국가를 겨냥해 년 출시했다 닭육수 베이스에 매운맛을 한층 높이고 향신료를 더해 색다른 매력을 구현한 것이 특징이다 또한 할랄 인증을 받아 종교적 제약 없이 즐길 수 있다 농심 신라면 치킨은 가장 먼저 인도 수출길에 올랐으며 현재 영국 네덜란드 독일 등 유럽호주말레이시아대만일본 등에 판매되고 있다 해외에서는 담백한 매운맛으로 호평을 받으면서 꾸준한 판매가 이어지고 있는 제품이다국내 라면업계가 해외에서 먼저 선보인 히트 상품을 국내에 잇따라 출시하는 것은 이색적인 맛을 찾는 소비자들을 겨냥해 틈새시장을 노린 것으로 풀이된다 불닭볶음면처럼 소셜미디어상에서 이색적인 라면이나 레시피를 찾는 인플루언서와 소비자들이 늘면서 이들을 겨냥한 제품을 잇따라 출시하고 있는 것이다여기에 국내 체류 외국인 인구가 해마다 늘면서 해외에서 이미 검증된 제품을 역으로 국내에 출시해 라인업을 확장하려는 의도도 있는 것으로 보인다 해외에서 이미 반응이 좋았기 때문에 국내 체류 외국인들의 입맛도 사로 잡을수 있다는 계산이다 법무부에 따르면 지난 년말 기준 국내 체류 외국인 수는 만명이다 내국인 인구인 만명의 가량에 해당하는 수준이다이종우 아주대 경영학과 교수는 라면업계가 이미 포화상태기 때문에 신상 라면을 내는 것이 쉽지 않다면서 해외에서 먼저 성공한 라면을 국내에 들여와 신상품 라인업을 확장하려는 의도가 있는 것으로 보인다고 말했다 이어 내수 침체로 국내 라면 매출이 정체되면서 체류 외국인이나 관광객을 노린 의도도 있을 것이라며 외국인 관광객들 사이에선 한국 라면을 구입하는게 문화처럼 되어 있는데다 특별한 라면을 찾는 경우도 많아 이를 공략해 화제성을 노린 전략도 있을 것이라고 말했다,2025.04.09.
도시락 싸고 알바유학생도 고환율 직격탄,https://n.news.naver.com/mnews/article/009/0005473696,원화값 년 최저 유학생 생활고에휴학귀국 고민까지치솟는 엔화값에유학 계획도 차질연합뉴스미국 캘리포니아주에서 유학 중인 아들을 둔 김 모씨는 최근 개월간 달러 환율이 오른 데다 현지 생활 물가까지 올라 전보다 생활비를  이상 더 보내주고 있다고 토로했다 김씨는 교통비 식비 책값 등으로만 족히 달에 만원은 든다며 환율이 오르니 유학이 매우 부담스러워졌다고 말했다 김씨는 개월 전만 하더라도 아들에게 매달 달러가량을 송금해줬다 당시 달러당 원화값 원을 적용하면 수수료까지 만원이면 충분했다 하지만 오른 물가도 감안해 현재는 매달 달러를 송금해주고 있다 여기에 원화값이 원으로 폭락해 기존보다 만원 많은 만원이 필요해진 것이다원화값 폭락으로 유학생과 학부모들 사이에서 곡소리가 쏟아지고 있다  비상계엄 사태로 시작된 원화값 하락이 대외 불확실성 여파로 멈출 기미가 보이지 않기 때문이다 일 매일경제 취재에 따르면 최근 미국을 중심으로 경제 부담을 호소하는 유학생이 늘고 있다 원화값이 원대로 떨어질 것이라는 전망까지 나오며 유학생들은 허리띠를 졸라매고 있는 형편이다일리노이주 시카고대에서 석사 과정을 밟고 있는 임 모씨는 용돈을 달러 정도 줄이고 환율이 안정될 때까진 절약과 아르바이트로 버티려고 한다고 말했다 캘리포니아주 스탠퍼드대에서 박사 과정을 진행 중인 김 모씨는 강제 다이어트에 돌입했다 김씨는 아침에는 시리얼 점심에는 간단한 과일류로만 도시락을 싸서 끼니를 해결하고 있다고 전했다 김씨는 유학에 보태기 위해 만원가량을 모아뒀지만 폭락한 원화값에 달러 환전을 못 하고 있다 미국에 자녀를 유학 보낸 한 학부모는 환율이 오르면서 주변에 유학을 같이 간 아이 친구들 중에서는 다시 한국으로 돌아오거나 휴학한 학생들도 있다고 말했다 실제로 고환율 문제로 미국 유학을 알아보던 학생들은 그나마 환율이 유리한 다른 영미권 국가를 알아보고 있는 것으로 알려졌다 한 유학원 관계자는 유학을 주저하는 이들이 꽤 있다고 전했다일본에 살거나 일본으로 유학을 준비하려던 학생들도 최근 엔화값이 솟구치며 전전긍긍하는 분위기다 디자인 공부를 위해 오는 월 일본 유학을 계획 중이던 씨는  지난해부터 엔화 환율이 안정되는 시기에 환전하려 했지만 환전 타이밍을 잡지 못하고 있다고 말했다박동환 기자  김송현 기자  이수민 기자,2025.04.09.
서울 주담대 월 증가폭 반토막 날때강남 구는  늘었다,https://n.news.naver.com/mnews/article/011/0004472241,대 시중은행 가계대출 분석반포방배 대규모 분양 등 영향강남서초송파구 주담대 잔액지난달 조로 억 불어나토허제 해제 효과 반영 본격화강남권 대출액 급격히 늘어날듯서울경제지난달 서울 전역의 주택담보대출 증가 폭이 전월 대비 절반 수준으로 급감했지만 강남구는 되레 가량 늘어난 것으로 나타났다 토지거래허가구역 해제 기간에 신청이 이뤄진 가계대출이 이달부터 본격 집행될 것으로 예상되는 만큼 향후 강남권 대출액이 급증할 가능성이 있다는 분석이 나온다일 국회 정무위원회 소속 이인영 더불어민주당 의원이 대 시중은행국민신한하나우리농협으로부터 제출받은 자료에 따르면 이들 은행의 강남구강남서초송파구 주담대 잔액은 월 말 현재 조 억 원으로 집계됐다 이는 전월 말보다 억 원 늘어난 수치다 월 증가분억 원보다  많다반면 서울 전 지역의 주담대 증가 폭은 지난달 억 원으로 전월억 원보다  감소했다 서울 전체로 보면 주담대 증가세가 반 토막났지만 강남은 꾸준히 증가세가 유지된 셈이다 지난달 전국 가계대출 증가액 역시 조 억 원으로 전월조 억 원 대비 마이너스를 기록했다이 같은 추세는 가계대출 동향에서도 확인된다 지난달 말 기준 은행권의 주담대 잔액은 조 억 원으로 전달보다 조 억 원 늘어났다 월 당시 증가액조 억 원과 비교하면 오름세가 완화됐다는 평가가 나온다 보금자리론과 디딤돌버팀목대출같은 정책자금 대출 증가 폭이 같은 기간 조 억 원에서 조 억 원으로 줄어든 영향이 컸다 전체 금융권 가계대출 증가 폭도 억 원으로 집계돼 월조 억 원보다 대폭 완화됐다 한은은 지난해 말과 연초의 주택 거래 둔화 신학기 이사 수요 해소 영향으로 주택담보대출 증가 폭이 축소됐다고 설명했다특히 금융 당국이 올해부터 분기별 가계대출 증가 목표치를 설정하면서 월 증가 폭이 크게 줄어들 수밖에 없었다는 분석이 제기된다 금융 당국은 지난달 지역별 가계대출 동향 모니터링까지 언급하며 총량 규제를 강화한다는 방침을 명확히 했다일 서울 남산에서 바라본 서울 아파트 단지 모습 연합뉴스강남권만 주담대 증가 폭이 커진 차 원인으로는 집단대출이 꼽힌다 한 시중은행 관계자는 최근 서울 반포방배 지역에서 대규모 분양이 있었다며 이와 관련해 잔금대출이 나간 것이 통계에 반영된 것으로 보인다고 설명했다 다만 이를 고려하더라도 강남구 부동산 수요가 꾸준히 강세를 보이고 있다는 점에 유의해야 한다는 분석이 제기된다 신용상 금융연구원 선임연구위원은 신학기 이주 수요 해소에도 불구하고 강남구 주담대만 증가 폭이 유지된 것은 그만큼 이 지역 주택을 구매하려는 사람들이 많다는 방증이라고 강조했다금융권에서는 이달과 다음 달에 강남권을 중심으로 가계대출이 급격히 늘어날 수 있다는 분석이 흘러나온다 당장 월부터는 금융 당국의 새로운 분기별 가계대출 관리 기준이 시작되기 때문이다 토허제 완화 효과가 이달부터 가계대출 통계에 본격적으로 반영될 가능성이 높다는 점도 문제다 앞서 서울시는 올 월 일 잠삼대청잠실삼성대치청담동을 토지거래허가구역에서 해제한 뒤 강남 지역을 중심으로 부동산 시장 과열 우려가 커지자 지난달 일 토허제를 확대 재지정했다주택 거래와 가계대출 실행 사이에는 개월가량의 시차가 있다 월 일시적으로 해제된 토허제의 영향이 월 가계대출 통계에 영향을 미치는 이유다 신 선임연구위원은 토허제 규제 완화 효과가 지난달부터 반영됐을 가능성도 있다고 봤다 권대영 금융위 사무처장도 이달 이후가 향후 가계대출 관리에 있어 중요한 분수령이라며 토허제로 지정되지 않은 지역으로 풍선 효과가 나타나는지 관계기관과 함께 면밀히 살펴보고 금융권과 지역별 가계대출 모니터링을 강화하겠다고 말했다시장 안팎에서는 주담대의 지역 쏠림 현상을 두고 의견이 갈린다 이인영 민주당 의원은 강남구를 비롯한 주담대의 특정 지역 쏠림 현상은 전체 금융 안정에도 위협이 될 수 있다며 가계부채 관리 차원에서 지역 간 격차에 주의하고 금융정책과 부동산 정책의 긴밀한 공조가 절실하다고 지적했다 반면 금융지주사의 한 고위 관계자는 앞으로는 강남 지역의 집값을 거시정책에 반영하기보다 예외적인 지역으로 떼고 봐야 한다며 강남을 기준으로 하니 지방 부동산 시장이 다 죽는다고 지적했다,2025.04.09.
이게 실화인가요 느닷없는 요구에 조 펑크 비상 김익환의 부처 핸즈업,https://n.news.naver.com/mnews/article/015/0005117209,국채 세계국채지수 편입올 월내년 월 밀려매달 조씩 자금 펑크연내 조 유동성 유입 지연 투자자 요구에채권시장 수급 부담 커진다사진연합뉴스실화인가요 올해 자금이 못 들어 온다고요일 채권시장 관계자들은 고개를 갸웃거렸다 오는 월부터 채권시장에 유입될 것으로 기대된 글로벌 자금이 내년에나 들어온다는 기획재정부의 발표 탓이다 세계 대 국채 지수인 세계국채지수에 한국 국채가 편입되는 시점이 올해 월에서 내년 월로 미뤄진다는 내용이었다올해 월에 한국 채권시장에 유입될 것으로 예상된 조억원가량 유동성의 공백이 생긴 것이다 그만큼 채권 금리와 원달러 환율에 부정적 영향을 미칠 전망이다 조억원의 유동성 공백이 빚어진 것은 일본 기관투자가의 갑작스러운 요구 탓이다기획재정부와 글로벌 지수 제공업체인 영국 파이낸셜타임스스톡익스체인지 러셀은 우리나라의  편입 시점을 당초 예정된 오는 월에서 내년 월로 미뤘다 편입 시점은 밀렸지만 편입 완료 시점은 내년 월로 동일하다  러셀은 지난해 월 한국이  신규 편입된다고 발표한 바 있다  편입에 따라 를 추종하는 펀드도 한국 국채를 사들이게 된다 추종 자금 규모는 약 조억원 달러로 추정된다 이 가운데 한국 국채의 비중 로 집계됐다 억달러약 조원 규모다 매달 고르게 자금이 유입된다고 가정하면 월부터 내년 월까지 매달 조억원이 국채 시장에 들어올 것이라는 전망이 많았다 하지만 내년 월로 편입 시점이 밀렸다 그만큼 올해 월에 들어올 조억원 규모의 유동성이 국채 시장에 들어오지 못할 전망이다이처럼  편입 시점이 밀린 것은 초유의 사태다 여태껏 비슷한 일이 없었기 때문이다  러셀은  추종 자금의 를 차지하는 일본 투자자들이 준비 기간을 추가로 요청한 탓에 편입 시점이 밀렸다고 설명했다 하지만 한국의  편입이 지난해 월 발표된 만큼 준비 기간이 상당한 만큼 의아하다는 반응이 많다 러셀은 한국의  편입을 발표한 년 월  채권시장 국가분류 검토 결과     보고서만 봐도 올해 월 편입을 확신에 찬 듯 밝히기도 했다 보고서 중간에 보면 월 한국의  편입에 대해 확정된 발표    라며 강조하기도 했다 이 같은 문구를 넣을 만큼 확신한  러셀이 갑자기 변심한 배경에 대한 시장의 의구심도 커졌다기재부 국제금융국 관계자는 정치적 불확실성이 편입 시점에 영향을 미쳤느냐는 질문에 그럴 가능성은 라고 답하기도 했다 올 조억원어치 유동성 공백이 불거진 채권시장에 대한 걱정도 커졌다 임재균 증권 애널리스트는 편입 시기가 개월 미뤄진 것은 채권 투자심리에 부정적 영향을 줄 것이라며 올해 국채 발행한도가 조억원으로 역대 최대인 데다 추경발 적자국채까지 겹치면서 시장의 공급 부담이 커질 것이라고 분석했다,2025.04.09.
위메프 인수 검토 중,https://n.news.naver.com/mnews/article/662/0000065875,사업 다각화 목적으로 알려져티몬 입찰엔 오아시스만 뛰어들어연합뉴스치킨 프랜차이즈 제너시스 비비큐가 기업회생 절차법정관리를 밟고 있는 위메프 인수를 추진한다일 업계에 따르면 는 지난주 위메프에 인수의향서를 제출했다 인수가 최종 확정되면 플랫폼 활용 방안과 가격 조건 등을 검토할 예정이다는 사업 영역 다각화 차원에서 위메프 인수를 검토하는 것으로 전해졌다  관계자는 초기 단계에서 검토하는 정도 정도라면서 조심스러운 반응을 보였다앞서 티몬위메프는 한영을 매각 주간사로 선정해 회생 계획 인가 전 인수합병을 추진해왔다 티몬을 두고는 신선식품 새벽 배송 전문기업 오아시스가  월 조건부 인수 예정자로 선정되면서 티몬위메프 매각은 현재 별도로 진행되고 있다한영은 월일 오아시스와 티몬 인수 관련 조건부 투자계약을 맺고 일까지 티몬 입찰을 진행 중이다티메프 매각은 스토킹 호스 방식으로 진행된다 스토킹 호스는 인수 예정자를 선정해 놓고 별도로 공개 경쟁입찰을 진행하는 방식이다 새로운 입찰자가 인수 예정자보다 높은 인수투자 금액을 입찰해야 인수가 가능하다 현재까지 오아시스 외에 다른 입찰자는 없는 것으로 파악된다업계에서 티몬 인수 가격은 억원 안팎 위메프는 억원대로 각각 거론된다지난해 월말 발생한  이른바 티메프티몬위메프 미정산 사태로 구매자 만명억원 판매자 만명조억원 등 만명이 조억원의 피해를 봤다,2025.04.09.
에 조억 벌금 낼 수도잘나가던  무슨 일,https://n.news.naver.com/mnews/article/025/0003433067,대만 신주과학단지에 위치한  사무실 로이터연합뉴스대만 가 미국 정부 제재 대상인 중국 화웨이에 우회경로를 통해 제품을 판매한 혐의로 최대 억 달러약 조억원의 벌금을 물 위기에 처했다로이터는 일현지시간 복수의 소식통을 인용해 미국 상무부가 지난해부터 화웨이의 인공지능 반도체 어센드 에서 가 제조한 것과 일치하는 칩이 발견된 것과 관련한 조사를 해왔다고 보도했다 조사 결과 중국에 본사를 둔 반도체 설계회사 소프고가 화웨이를 대신에 에 칩 생산을 발주한 것으로 드러났다화웨이가 년 출시한 어센드는 중국 내 가장 진보한 대량생산형 칩으로 꼽힌다 군사용으로 사용될 수 있다는 이유로 중국 수출을 금지한 엔비디아의 과 유사한 스펙을 가졌다고 평가된다 외신과 업계는 딥시크와 알리바바 산하 핀테크 계열사인 앤트그룹의  모델에 이 칩이 활용됐을 것이라고 분석하고 있다소프고는 지난 월 미국 상무부가 수출통제 리스트 포함시킨 기업이다 미국 정부의 허가 없이는 미국의 기술력이 들어간 첨단 기술이나 제품을 거래할 수 없다 하지만 화웨이가 소프고를 통해 에서 칩을 제조한 것은 미국 장비와 기술을 사용하는 가 중국  발전에 도움을 준 셈이 된다미국 싱크탱크 랜드 연구소의 기술안보정책센터 연구원 레나트 하임에 따르면 는 최근 수년간 소프고가 주문한 칩을 만개 가까이 제조했다 거래금액으로 따지면 억 달러 규모다 수출 제재 위반 시 거래금액에 최대 배에 달하는 벌금을 부과하는 미국 상무부의 규정에 따라 는 최대 억달러의 벌금이 부과될 수 있다는 회사는 법 준수에 전념하고 있으며 년 월 이후 화웨이에 칩을 공급하지 않았다고 밝혔다 하지만 미국과 상호관세 협상을 해야 하는 대만 입장에서 의 제재 위반은 불리한 카드로 작용할 수 있다고 업계에서는 분석한다도널드 트럼프 미국 대통려은 이날 를 콕 집어 언급하며 칩스법 보조금에 대한 부정적인 시각을 다시금 드러냈다 로이터에 따르면 트럼프 대통령은 이날 워싱턴에서 열린 만찬 행사에서 의 애리조나 공장 건설에 억 달러 보조금을 제공한 점을 언급하며 반도체 회사들은 그런 돈이 필요 없다며 바이든 행정부는 잘못된 방식으로 세금을 썼다고 말했다이어 나는 에 돈을 주지 않았고 멍청한 반도체법도 없었다며 여기에 공장을 짓지 않으면   어쩌면 의 세금을 낼 것이라고 말했을 뿐이라고 강조했다 자신이 를 향해 관세를 경고하자 미국에 추가 투자를 약속했다는 것이다 실제  웨이저자 회장은 지난 월 미국에 억 달러를 더 투자할 것이라고 밝혔다,2025.04.09.
투자의 창 상상할 수 없는 리스크를 대비하라,https://n.news.naver.com/mnews/article/011/0004472238,민주영 신영증권 연금사업부 이사민주영 신영증권 연금사업부 이사 경영학연금금융 박사서울경제한 치 앞도 알 수 없다대내외적으로 격변하는 요즘 같은 시기에 딱 맞는 말이 아닐까 싶다 투자는 미래를 내다보는 행위라고 하지만 미래가 어떤 방향으로 흐를 지 아무도 알 수 없다 예측에 의존하기보다는 언제 어디서 닥칠지 모를 위험에 대비하는 노후 준비와 연금 관리가 필요하다호황 뒤에 불황이 온다는 것은 일반적인 경제 법칙에 가깝다 년대 년대 말 년대 초 호황 이후 경기침체가 찾아온 것은 당연해 보인다 놀라운 사실은 당시 누구도 이를 예상하지 못했다는 점이다 년 월 주식시장 버블이 최고조에 이르러 대공황이 터지기 직전 당시 경제학자 어빙 피셔는 주가가 장기적으로 하락하지 않을 고지대에 도달했다고 단언했다 시장의 버블에 관한 연구로 노벨경제학상을 받은 로버트 쉴러는 대공황의 불가피성에 관해 묻자 그 일은 아무도 예견하지 못했다며 경제 사학자들에게 대공황을 예측한 사람이 있었느냐 물었는데 아무도 없었다고 답했다 일이 지나고 난 다음 나는 터질 줄 알았다는 강한 후견편향 을 가진 일부 전문가들의 말에 현혹되지 말아야 한다실제로 대공황은 년에 이미 시작됐지만 년 미국경제연맹의 똑똑한 회원들을 대상으로 진행한 여론조사에서는 엉뚱한 결과가 나왔다 당시 미국이 직면한 가장 중요한 문제가 무엇이냐는 질문에 경제와 관련된 답변은 위실업률에 꼽혔다 위 사회 정의 구현 위 금주 위 법을 무시하는 세태 위 범죄 위 법 집행의 순이었다 년 뒤인 년 대공황 년 차 여론조사에서도 실업률은 금주법 사회정의 구현 법 집행에 이어 고작 위였다엉뚱한 결과의 원인은 둘 중 하나일 가능성이 높다 첫째 당시 사람들은 잘못된 판단으로 눈이 멀어 있었다 둘째 현재 우리에게는 다 지나고 난 뒤에 보니까 보이는 것이다 어떤 것이 주된 원인일까 불변의 법칙을 쓴 모건 하우절은 만일 가장 큰 리스크가 뭔지 안다면 대책을 세울 테고 대비책을 세우면 그 일은 덜 위험한 것이 된다며 예측할 수 없다는 속성이 리스크를 위험한 것으로 만든다고 지적했다리스크는 상상조차 할 수 없는 위험한 일이며 완전히 정복될 수도 없다 최근 벌어진 국내외 정치와 경제 등의 변화를 보면 많은 일들이 실제 벌어지기 전까지는 비현실적이고 터무니없이 여겨지기도 했다 이제는 상상할 수 있는 리스크 뿐만 아니라 상상하지 못한 리스크도 언제든 덮쳐 올 수 있다는 사실을 받아들여야 한다 그러니 노후 연금 투자자라면 많다 싶을 정도로 충분히 적립하고 투자해야 한다 예측에 기대어 한 가지 자산이나 지역에 집중 투자하기 보다는 여러 자산이나 지역에 분산해야 한다 가능하다면 오래 일하고 연금 개시를 최대한 미뤄 연금 자산을 최대한 확보해야 할 것이다,2025.04.09.
사놓으면 결국은 오른다불나방 개미들 뛰어든 곳이,https://n.news.naver.com/mnews/article/015/0005117205,해외주식  손실에도개미  사랑 여전  등  분기 순매수 상위권 휩쓸어추가 하락 가능성 주의해야국내 개인투자자가 올해 들어 해외 주식에서  가까운 손실을 보고도 공격적인 매수를 지속하고 있는 것으로 나타났다일 한국예탁결제원에 따르면 국내 투자자의 미국 주식 매수는 지난달 만건으로 상승장이던 지난 월 만건과 차이가 없었다 매도는 같은 기간 만건에서 만건으로 되레 줄어 매수 일변도 흐름이 더욱 강해졌다 도널드 트럼프 미국 대통령의 상호관세 부과로 세계 경기 침체 우려가 커졌지만 미국 주식은 결국 상승할 것이라는 서학개미의 기대가 흔들리지 않는 모습이다올 분기 국내 상장 주식 순매수 상위 종목도 미국 지수 기반 상장지수펀드가 대부분이었다 투자증권이 분석한 개인 고객의 올해 분기 순매수 위 종목은  미국 가 차지했다 이런 미국 지수 기반 는 위권 내에만  미국 나스닥위  미국위  미국나스닥위 등 네 종목이 포진했다특히 대와 대는 국내 상장 종목 순매수 상위 위가 모두 과 나스닥을 추종하는 였다 대는 순매수 상위 개 종목 중 개가 미국 자산을 기초로 하는 였다 대는 상위 개 중 개만 미국 지수 였고 대는 전 종목이 국내 주식이었다 연령대가 낮을수록 미국 지수 기반 를 공격적으로 사들인 것이다전문가들은 미국 증시 변동성이 잦아들지 않은 상황인 만큼 추가 하락을 염두에 둔 위험 관리가 필요하다고 지적한다 글로벌 투자은행 바클레이스는 미국의 상호관세는 단순한 협상 전술이 아니라 글로벌 무역 구조를 재편하려는 영구적 조치일 수 있다며 다른 국가의 보복 조치가 격화하면 이 선까지 하락할 수 있다고 분석했다투자증권에 따르면 올 분기 개인 고객의 투자 수익률은 국내 주식  해외 주식 였다 작년 분기 국내 주식에서  해외 주식에서  수익을 낸 것과 정반대 결과다,2025.04.09.
상호관세 발효 가전석유화학 빨간불고환율 겹악재에 기업 초긴장,https://n.news.naver.com/mnews/article/025/0003433064,도널드 트럼프 미국 대통령의 상호관세 발효를 하루 앞둔 일 경기도 평택항에 컨테이너가 쌓여 있다 연합뉴스도널드 트럼프 미국 대통령이 발표한 국가별 상호관세가 한국시간 일 오후 시 분부터 발효되면서 한국 산업계에 비상이 걸렸다 철강자동차처럼 이미 품목별 관세가 적용된 산업뿐 아니라 가전석유화학기계 등 수출 주력 산업이 직격탄을 맞게 됐다 관세 전쟁 영향으로 원달러 환율도 치솟으면서 기업들은 초긴장 상태다기업은행 경제연구소에 따르면 미국의  상호관세 부과에 따라 한국의 대미 수출은  전체 수출은  감소할 전망이다 업종별로 보면 정밀화학 일반목적기계 전기기기 석유화학 가전 등의 대미 수출이 줄어들 것으로 보인다 앞서 품목 관세 가 부과된 자동차와 철강도 대미 수출이 각각   줄어들 전망이다베트남미국 상호관세 에 공장을 둔 가전스마트폰 업계는 초비상이다 삼성전자는 베트남에서 전체 스마트폰의 절반가량을 생산한다 전자도 베트남 가전 공장에서 제품을 만들어 미국에 수출하고 있다 상황이 장기화되면 베트남보다 관세가 낮은 인도 한국 등으로 생산 물량을 조정해야 할 상황이다중국 공급과잉으로 위기를 겪고 있는 석유화학은 대미 수출 경쟁력 약화와 동시에 경기 침체로 인한 수요 둔화 우려가 커졌다 석유화학 업계 관계자는 대미 수출이 줄어드는 직접적인 영향보다 관세 전쟁으로 인한 글로벌 교역량 감소와 수요 위축 등 간접적 영향이 더 큰 위험 요인이라고 말했다 철강 산업 역시 중국발 공급 과잉에 미국 관세로 무역 장벽까지 높아져 엎친 데 덮친 격이다 배터리 산업의 경우 당장 대미 수출이 우려되지만 경쟁사인 중국 업체 대비 반사이익을 얻을 수 있다는 기대감도 있다재계에서는 이달까지는 버틸 수 있을 것이라는 목소리가 나온다 기업들은 관세 부과 전 비축한 미국 수출 재고를 소진하며 각국 정부의 협상 추이를 지켜볼 방침이다 현대차는 오는 월 일까지 미국에서 차량 가격을 올리지 않겠다고 밝혔다 쌓아둔 재고를 적극적으로 활용하겠다는 전략으로 읽힌다재계 관계자는 기업들이 상호관세 시행에 맞춰 당장 공급망을 조정하기보다는 상황을 지켜보는 분위기라며 가전 업계의 경우 당초 미국의 대멕시코 관세를 우려했다가 지금은 멕시코가 상호관세 부과 대상에서 빠지며 상황이 완전히 달라졌다 국가별 협상이 진행 중이라 아직 결정을 내리기엔 이르다고 말했다지난달 일부터 의 관세가 부과 중인 철강 업계도 현재로서는 정확한 대미수출 영향을 판단하기 어려운 상황이다 철강업계 관계자는 철강 관세 발표 이후 시장 가격의 급격한 변동과 상호관세 등 추가 조치의 영향으로 미국 고객사의 구매 관망세가 지속되고 있다고 했다미국의 상호관세가 발효와 함께 코스피 선이 무너진 일 오후 서울 중구 하나은행 본점 딜링룸을 찾은 취재진이 지수가 표시된 스크린을 취재하고 있다 연합뉴스기업들은 관세에 이어 고환율까지 겹악재를 맞았다 이날 원달러 환율은 전날보다 원 오른 원을 기록하며 금융위기 이후 최고 수준을 경신했다 과거에는 고환율이 수출 기업의 이익 증대에 효과가 있다고 봤지만 최근에는 원자재 수입 비용과 해외 투자비 상승에 따른 부담이 더 크게 작용하는 것으로 평가된다 한국무역협회에 따르면 원달러 환율  상승 시 국내 제조업의 평균 제조원가는  상승한다대한상공회의소에 따르면 고환율은 한국 개 주력 산업 중 개 업종에 부정적 영향을 끼친다 바이오반도체배터리철강석유화학정유디스플레이섬유패션식품 등 대부분 산업에 부정적이고 조선자동차기계 산업 정도만 환율 상승의 수혜를 기대한다는 설명이다 달러 결제 비중이 높은 반도체 업계의 경우 환율 상승 시 단기적 매출 상승 효과가 있지만 소재부품장비 수입 비중이 높아 이런 효과를 상쇄한다 원료의약품 수입 의존도가 높은 제약바이오와 달러로 원유를 사들이는 정유업계도 비상이 걸렸다대기업은 환율 변동 보험 등 환 헤지 수단을 갖추고 있지만 중소중견 기업은 이마저 어렵다 인천에 있는 한 중소 철강업체 사는 원자재 계약 후 수입까지 개월이 걸리는데 원달러 환율 원대에 계약했다가 원 육박한 가격에 결제해야 할 판이라며 환율 상승을 판매가에 바로 적용을 못 해 수익성이 급격히 나빠질 것이라고 우려했다 중소기업중앙회가 지난 월 발표한 고환율 관련 중소기업 실태조사에 따르면 환율 급등으로 피해가 발생한 중소기업은 절반 이상인 로 집계됐다 피해 유형에는 환차손 발생과 고환율로 인한 생산비용 증가 등이 주로 꼽혔다,2025.04.09.
상폐 경고등 켜진 상장사 금양 등 곳 달해,https://n.news.naver.com/mnews/article/015/0005117203,코스피 곳코스닥 곳감사의견 거절 등 사유 발생작년 월 결산법인 중 개 상장사에서 감사의견 미달에 따른 상장폐지 사유가 발생한 것으로 집계됐다한국거래소는 년도 사업보고서를 받은 결과 유가증권시장 곳 코스닥시장 곳에서 상장폐지 사유가 발생했다고 일 발표했다 작년 대비 곳씩 늘어났다유가증권시장에서는 범양건영 금양 등 곳이 처음으로 감사의견 거절을 받았다 이들 상장사는 통보일로부터 일 안에 이의 신청을 할 수 있다 기업별로 이달 일에서 일 사이 제출 시한이 부여됐다 이의 신청 때는 거래소가 개선 기간 부여 여부를 결정한다국보 웰바이오텍 한창 이아이디 등 곳엔 감사의견 거절 사유가 년 연속 발생했다 이미 상장폐지가 결정된 이아이디를 제외하고 개선 기간이 오는 일까지로 정해졌다 상장공시위원회 심의를 거쳐 상장폐지 여부가 결정된다 아이에이치큐 필룩스 세원이앤씨 등 곳은 년 연속 감사의견 거절을 받았다 상장폐지가 결정된 곳들이어서 별도 조치는 없다 현재 기업별로 효력정지 가처분 소송이 진행 중이다 재판 결과에 따라 후속 절차가 이뤄질 예정이다코스닥시장에서는  이오플로우 이화공영 등 곳이 첫 감사의견 한정거절을 받았다 는 별도의 적격성 심사로 작년 상장폐지가 결정된 곳이다 나머지 곳은 일부터 일까지 이의 신청을 받는다위니아에이드 제넨바이오 선샤인푸드 등 곳은 년 연속 감사의견 한정거절 의견을 받았다 이 중 이화전기와 이트론은 지난 월 상장폐지가 결정됐다 한울 미래물산 건설 장원테크 등 곳엔 감사의견 한정거절 사유가 년 연속 발생했다 작년 월 상장폐지가 결정돼 추가 조치가 나오지 않았다,2025.04.09.
맞붙는 미래  한투수년간 독점 가능,https://n.news.naver.com/mnews/article/215/0001205199,앵커한국을 대표할 초대형 투자은행 육성의 최종 단계인  사업이 드디어 시작됩니다이르면 올해  호 증권사가 나올 전망인데 수년간 이 시장을 독점할 가능성이 높습니다 증권부 조연 기자 나와있습니다조 기자  종합투자계좌죠 최고 연 대 수익률을 목표로 하는 상품이 출시될 전망이라고요기자네 연 대로 은행 예적금보다 초과 수익을 기대할 수 있는  상품들이 출시될 것으로 기대되는데요금융위원회가 오늘일  제도의 세부적인 요건과 운용지침을 발표했습니다 여기에  상품 예시가 함께 제안됐는데요핵심을 보면 원금 보장이 아니라 원금을 지급하는 실적배당 상품으로 적시되어 있습니다 예금보험공사가 원금을 보장하는 예금성 상품이 아니라 증권사 신용으로 증권사가 원금 지급을 보장하는 겁니다증권사는 고객 예탁 자금을 회사채나 대출채권 또는 일반 투자자가 직접 투자 불가능한 우량 성장기업 국내해외 부동산 같은 대체투자 등에 투자해 시장 대비 높은 수익률을 내는 상품인데요만기가 설정된 상품이 주를 이룰 전망입니다 금융위는 일단 년으로 만기가 설정된 중장기 상품 그리고 목표수익률은 약 대의 상품이 우선적으로 출시될 것으로 기대했습니다만기가 길수록 목표수익률도 높아지는 구조로 예상됩니다 다만 원금은 보장하지만 수익률을 보장하는 상품은 아닙니다 사실상 통장보다는 펀드에 가깝다고 볼 수 있습니다앵커증권사가 원금 지급 의무를 지는 만큼 증권사의 리스크 관리가 무엇보다 중요하겠습니다금융위가 세부적으로 발표한 운용지침은 어떻게 됩니까기자당초 는 한도 없이 무제한 자금 조달이 가능할 것이라고 했었지만 결국 건전성 관리를 위해 한도가 설정됐습니다발행어음과  통합한 발행한도가 자기자본의 로 설정되면서  정도만 더 추가되는 셈이 됐는데요금융위 측은 증권사들이  사업을 시작한 뒤 실제 어떻게 운용하는지 평가하고 이후 필요하다면 한도를 조정할지 살펴보겠다고 했습니다사업자는 고유재산으로  운용자산의 를 손실충당금으로 우선 적립하고 평가 손실이 발생하면 그만큼 추가 적립해야 합니다또 운용 규제 측면에서는 자금의 를 기업금융에 투자해야 하고 부동산은  이내로 운용 모험자본 공급 의무는 매해 확대될 예정입니다정부는  제도 정비를 바탕으로 오는 분기 중 신청서 접수에 나서고 이후 연내  사업자를 지정하겠다는 방침입니다 이르면 내년 초에  상품이 나올 것으로 전망되는데요현재  자격 요건인 자본금 조원 이상 사업자는 미래에셋증권과 한국투자증권 두 곳입니다앵커자기자본을 조원 넘긴 종투사가 두 곳뿐이죠 이전에 저희가  이슈를 다룰 때 두 회사의 온도 차가 있다고 했었는데어떻습니까 한국투자증권이 더 적극적인가요기자일단 두 회사 모두 년여만에 구체화된  세부 기준을 살펴보고 있습니다 한국투자증권이 발행어음 한도가 꽉 찬 만큼 더 진취적으로 임하는 것도 사실입니다그런데 올해 신청해야 하는 이유는 단순히  호라는 타이틀을 넘어섭니다 내년부터 지정 요건이 더 강화되기 때문인데요자기자본 조원 이상을 연말 결산 기준으로 기간 충족해야 하고 현재는 없는 발행어음 관련 모험자본 공급 의무도 준수했는지 확인합니다 현재 종투사의 발행어음 모험자본 공급은  그치고 있다는 점을 감안하면 허들이 높아지는 것입니다또 발행어음 인가를 받은 뒤 년 이상 영위해야  지정이 가능해지는데요자기자본을 기준으로 미래에셋증권과 한국투자증권 다음 후보군이 투자증권과 삼성증권인데요삼성증권의 경우  사업 진출을 공식화했지만 발행어음 인가를 아직 받지 않았습니다 자기자본도 조원대고요 따라서  사업까지는 적어도 년 이상이 소요될 전망입니다또 투자증권은 자기자본이 아직 조원대라 조원 이상을 년간 유지하려면 역시 시간이 걸릴 수밖에 없습니다따라서 올해  사업을 진출하는 증권사가 당분간 이 시장을 독과점할 수 있고 체급을 키워 퀀텀 점프를 실현할 수 있는 만큼 두 회사 모두 적극적으로 도전할 것이란 전망입니다앵커잘 들었습니다,2025.04.09.
초유의 사태 중국만 살아남았다개미들 줄줄이 비명,https://n.news.naver.com/mnews/article/015/0005117199,사흘만에 도 깨진 코스피중국 뺀 증시 비명 고강도 상호관세에 급락년 반만에 선으로 밀려 일 이후 조 넘게 매도포스코인터가스공사 등은 강세 닛케이 대만 자취안 상하이홍콩 증시는 되레 올라일 미국의 고강도 상호관세가 발효되면서 한국 일본 대만 등 아시아 증시가 또다시 힘없이 주저앉았다 미중 무역갈등이 격화할 조짐을 보이면서다 선이 무너진 지 사흘 만에 코스피지수는 선으로 내려앉았다 일본대만 급락에도 중국은 상승이날 코스피지수는  하락한 에 거래를 마쳤다 장중 까지 밀려나기도 했다 코스피지수가 선 밑으로 내려앉은 것은 년 월 일 후 년개월여 만이다오후 시를 기점으로 미국이 예고한 상호관세가 발효되자 주요국 증시도 일제히 급락했다 일본 닛케이지수는  하락 마감했다 도널드 트럼프 미국 대통령이 가 미국에 공장을 짓지 않으면 관세 를 부과하겠다고 압박하면서 대만 자취안지수는  내렸다반면 중국과 홍콩 증시는 오히려 상승 반전했다 상하이종합지수는  올랐고 홍콩 항셍지수도 뒷심을 발휘하며  뛰었다 미국이 중국에 에 달하는 관세 폭탄을 던졌지만 중국 국부펀드들이 증시 부양을 위해 대규모 상장지수펀드 매입에 나서면서다이날 외국인은 유가증권시장에서 조억원 코스닥시장에서 억원 코스피 선물 시장에서 억원어치를 팔아치웠다 지난달 일 이후 외국인의 유가증권시장 순매도액은 조억원에 달한다 경기 침체 우려가 걷잡을 수 없이 커지면서 수출 비중이 높은 아시아 증시를 집중 매도하는 것으로 풀이된다치솟은 원달러 환율도 외국인 매도를 부추기는 요인이다 이날 원달러 환율은 원전으로 년 월 후 약 년 만의 최고였다 분기 어닝서프라이즈 기업 주목트럼프 대통령이 수입 의약품에 대해서도 곧 관세를 발표할 것이라고 밝혀 제약바이오 업종의 낙폭이 컸다 삼천당제약은  급락한 만원에 거래를 마쳤다 셀트리온 알테오젠 등도 많이 떨어졌다반면 미국과의 관세 협상 과정에서 알래스카 액화천연가스 개발 협력을 진행한다는 소식이 전해지자 포스코인터내셔널 한국가스공사 등은 강세를 보였다증권가에서는 미국이 관세 정책을 후퇴시키지 않으면 추가 하락할 여지가 있다는 비관적인 전망을 많이 내놓고 있다 이웅찬 증권 연구원은 경기 침체에 들어서면 상장사 실적이 추가로 타격을 받을 수 있다며 코스피지수가 많이 내려왔지만 상승할 이유가 잘 보이지 않는다고 말했다반면 경기 둔화가 주가에 상당 수준 반영돼 있는 만큼 반등에 대비해 저가 매수에 나설 때란 주장도 있다 증권은 분기 어닝 서프라이즈깜짝 실적를 발표할 가능성이 높은 업종 및 기업에 주목하라고 조언했다 소비재와 산업재 정보기술과 소재 업종이 대표적이다증권가에서는 소비재 기업 가운데 하이브의 분기 영업이익 추정치가 억원으로 전년 대비  급증했을 것으로 보고 있다 이마트의 분기 영업이익 추정치억원는 월 중순 대비  늘어날 것이란 게 컨센서스다산업재 업종 가운데서는 한화오션과 한화에어로스페이스 등이 분기 어닝 서프라이즈를 기록할 가능성이 큰 것으로 추정됐다 한화오션의 분기 영업이익 추정치는 억원으로 월 중순 대비  높아졌다 한화에어로스페이스 추정치억원 역시 같은 기간  증가했다,2025.04.09.
외국인 조 매도 폭탄바닥 알 수 없다 공포 확산,https://n.news.naver.com/mnews/article/011/0004472232,코스피  붕괴신흥국 중심으로 투자자 패닉셀유가증권시장서만 조 순매도 연준 통화정책이 변수될 듯일 오후 서울 중구 하나은행 본점 딜링룸에 코스피가 표시돼 있다 연합뉴스서울경제미국이 고강도 상호관세 발효를 현실화하고 미중 갈등 격화가 우려되면서 코스피가 년 개월 만에 선이 붕괴됐다 선이 무너진 지 불과 이틀 만이다 위험자산을 피해 안전자산으로 갈아타려는 외국인 투자가들은 거래일간 코스피에서만 조 원을 던졌다 시장에서는 관세정책 축소 신호가 오기 전까지는 추세 회복이 어렵다는 전망 속에 바닥을 알 수 없다는 공포 심리가 확산되고 있다일 한국거래소에 따르면 코스피지수는 전 거래일 대비 포인트 하락한 에 거래를 마감했다 코스피가 선 아래로 내려간 것은 년 월 일 이후 처음이다외국인은 코스피 현물에서만 조 억 원 코스피 선물 시장에서는 억 원을 던지면서 코스피에서만 조 억 원을 순매도했다 월 일부터 이날까지 거래일 연속 셀코리아를 이어가고 있는 외국인의 누적 순매도 규모는 조 억 원에 달한다 코스피에서 외국인 순매도가 몰린 종목은 하이닉스억 원와 삼성전자억 원로 각각   하락했다 제약바이오 업종은 도널드 트럼프 대통령이 조만간 의약품에 관세를 부과한다고 다시 한번 예고하자 셀트리온 녹십자 등 일제히 떨어졌다 그나마 한국조선해양 등 조선주 정도만 선방했다코스닥도 전 거래일보다 포인트 내린 에 거래를 마쳐 연중 최저치를 또 한번 갈아치웠다 이날 코스피와 코스닥은 각각 개 개 종목이 하락했다국내 증시가 주저앉은 가장 큰 이유는 트럼프 대통령발 관세 폭탄으로 전면적인 무역 전쟁 위험이 도래하면서 경기 침체를 우려한 외국인 투자가들이 포트폴리오 재조정에 나섰기 때문이다 트럼프 대통령은 중국에 대해 기존 상호관세에 포인트의 관세를 추가한 를 발효하겠다고 밝혔고 중국도 강력 대응을 예고했다전문가들은 당분간 국내 증시가 저점을 피할 수 없다고 보면서 선이 뚫릴 수 있다는 불안한 전망을 내놓고 있다 미국과 중국의 정면충돌이 장기화될 것으로 예상되는 만큼 한국 등 신흥국을 중심으로 한 외국인 투자가의 패닉셀은 장기화 될 수밖에 없다고 입을 모았다 정치 변수가 워낙 크다 보니 지수 전망 자체가 의미 없다는 하소연이 나온다 이 같은 상황이 지속될 경우 다른 아시아 국가보다 상대적으로 낙폭이 작았던 한국 증시도 선이 붕괴될 수 있다는 우려가 크다 염승환 증권 이사는 관세 전쟁이 글로벌 경제의 스태그플레이션저성장고물가을 몰고올 수 있다는 지적이 나오고 있다면서 이는 결국 유동성 문제로까지 번져 외국인 투자가들이 현금을 보유하고 주식채권은 팔려는 것으로 보인다고 말했다전문가들은 미국발 관세 폭탄이 현실화된 상황에서 미국 중앙은행인 연방준비제도연준가 기준금리 인하에 나서지 않는 한 국내 증시를 비롯한 아시아 증시 회복은 당분간 어려울 것이라고 전망했다 이선엽 신한투자증권 이사는 관세 충격이 누그러지는 요인이 나와야 하는데 미국과 중국이 다시 협상에 나서거나 한국과 미국 간 협상에 뚜렷한 진전이 없는 이상 증시 낙폭 브레이크는 쉽게 걸리지 않을 것이라며 시장은 연준이 금리를 인하하지 않는 것을 두려워 하기 때문에 연준의 통화정책이 변수가 될 것이라고 했다다른 아시아 국가 주식시장도 일제히 약세를 보였다 일본 닛케이지수는 전날보다  하락한 만 에 거래를 마감했고 대만 자취엔지수는  떨어졌다,2025.04.09.
전기차 보조금 확대업계 수출 빈자리 내수로 채운다,https://n.news.naver.com/mnews/article/015/0005117198,관세 충격 산업에 자금수혈훈풍부는 조선도 지원부품업계에 조원전기차 보조금 매칭비율 로정책금융 조원 추가 투입하고현대차 협력사 상생  조성호황 맞은 조선사 경쟁력 강화정부  발급 확대로 지원사격최상목 부총리 겸 기획재정부 장관오른쪽 두 번째이 일 정부서울청사에서 경제관계장관회의 겸 산업경쟁력강화 관계장관회의를 열고 발언하고 있다  연합뉴스정부가 전기차 구매 보조금을 대폭 확대하기로 했다 이르면 다음달부터 만원짜리 전기차를 최대 만원 할인받을 수 있을 전망이다 미국이 외국산 자동차에 의 품목 관세를 매기면서 자동차 수출에 비상등이 켜지자 국내 수요 진작을 통해 산업을 지원하겠다는 전략이다 정부는 또 미중 해양 패권 경쟁으로 반사이익이 기대되는 조선업에 날개를 달아주기 위해 한국무역보험공사와 수출입은행이 중소형 조선사에 선수금 환급보증서를 원활하게 끊어주도록 하는 수출 활성화 대책도 함께 마련했다 국내 소비자 구매 유도로 버틴다정부는 일 정부서울청사에서 경제관계장관회의 겸 산업경쟁력강화 관계장관회의를 열고 이 같은 내용을 담은 자동차 생태계 강화 긴급 대응책과 조선 선수금환불보증 공급 확대 방안을 발표했다 미국이 지난 일부터 자동차에 품목관세를 부과하기 시작한 데다 다음달 일부터는 자동차 부품에도 같은 수준의 관세를 매기겠다고 예고해 국내 자동차산업 생태계가 큰 타격을 받을 수 있다는 우려에서다 지난해 한국 자동차와 부품의 대미 흑자는 억달러로 전체 무역 흑자억달러의 에 달했다정부는 특히 만여 개 중소 부품 업체가 받을 충격에 주목하고 있다 평균 영업이익률이 에 불과한 부품사로선 의 관세를 버텨낼 재간이 없다는 이유에서다 이에 정부는 자동차 내수 확대를 목표로 한 대응책을 짰다 제조사 할인 금액에 연동하는 전기차 보조금 비율을 기존 에서 로 확대하기로 했다그동안 정가 만원 전기차를 구매하는 소비자는 최대 만원을 지원받고 환경부가 제조사 차값 할인폭에 연동해 지급하는 구매보조금도 받을 수 있었다 제조사가 만원을 할인하면 정부가 만원의 매칭 보조금을 지급해 만원짜리 전기차를 만원에 살 수 있었다앞으로는 매칭 보조금에 만원 이상 할인 구간을 새로 만들어 매칭 보조금 비율을 까지 높여 지급하기로 했다 만원짜리 차를 제조사가 만원 깎아준다면 정부가 보조금을 만원 지급해 최종 소비자가는 만원까지 대폭 줄어든다 다만 업체들이 만원까지 할인해 줄지는 미지수다정부는 또 자동차산업 정책금융에 조원을 추가 투입해 총 조원 규모로 확대하기로 했다 산업은행 등 정책금융기관이 관세 충격을 받은 자동차 관련 업체에 대출해주는 프로그램이다 현대자동차기아 협력 중소기업을 지원하는 조원 규모 상생보증 프로그램도 신설하기로 했다선박 수주 늘릴 중소 조선사 지원책정부는 중소 조선사의 직접 수주를 늘리는 데 필수적인  발급 확대 방안도 확정했다 는 조선사가 주문받은 배를 넘기지 못하거나 파산했을 때 금융회사가 발주처에 선수금을 대신 지급하겠다는 보증서다 선주들은 조선사에 작업 진척도에 따라 대금을 지급하지만 중소 조선사는 선수금이 없으면 배를 만들 수 없다 를 발급받지 못하면 수주에서 배제될 때도 많다그러나 국내 시중은행과 수출입은행은 중소 조선사 줄도산 사태 직후인 년 이후 조선 빅를 제외한 조선사엔 를 끊어주지 않고 있다 이에 정부는 한국무역보험공사가 중소 조선사에 잔여 한도억원 안에서 를 끊어주게 하고 수출입은행 및 시중은행도 를 발급하도록 유도하기로 했다 중소 조선사의  발급이 원활해지면 미국이 중국을 견제하기 위해 입항 수수료 부과를 예고한 가운데 한국산 선박을 찾는 글로벌 선사가 늘어날 것으로 기대된다,2025.04.09.
침체 공포에 유가 달러 붕괴골드만 최악엔 내년 달러,https://n.news.naver.com/mnews/article/025/0003433063,김영옥 기자글로벌 관세전쟁에 따른 경기 침체 우려로 국제유가가 일현지시간 년 만에 종가 기준 달러 밑으로 주저앉았다이날 뉴욕상업거래소에서 오는 월 인도분 서부텍사스유는 전날보다  급락한 배럴당 달러에 거래됐다  가격이 달러 아래로 떨어진 건 코로나 위기 때인 년 월 일종가 기준 달러 이후 년여 만이다 도널드 트럼프 미국 대통령이 상호관세를 발표한 지난 일 이후 거래일 연속 곤두박질치면서다 브렌트유도 같은 기간 배럴당 달러에서 달러까지  추락했다블룸버그는 일 트럼프 대통령의 공격적인 무역정책으로 위험자산에 대한 수요가 급감한 데다 석유수출국기구 플러스가 예상보다 빠른 속도로 감산 완화를 결정하면서 손실이 가중됐다며 이런 원투펀치에 석유 시장이 공급 과잉에 시달릴 수 있다는 우려가 커졌다고 분석했다글로벌 투자은행은 국제유가 전망치를 하향 조정했다 최근 골드만삭스는 올해 연말 와 브렌트유 가격 예상치를 각각 배럴당 달러 달러로 조정했다 특히 관세 사태로 미국과 세계 경제가 침체에 빠지고 가 감산 정상화에 나설 경우 브렌트유는 내년 말 달러까지 떨어질 수 있다는 최악의 시나리오도 내놨다관세 전쟁은 한국 경제도 압박한다 일 아시아개발은행은 한국의 올해 경제성장률을 종전 에서 까지 낮췄다 한국 성장률은 가 전망한 중국 대만 베트남 등 주요 아시아 가운데 미얀마를 제외하면 최하위다,2025.04.09.
퇴직연금 내 국내  비중  지수형엔 뭉칫돈,https://n.news.naver.com/mnews/article/011/0004472229,미래에셋 분기  계좌 분석코스피 년 수익률 로 부진나스닥은  올라 대조해외투자 몰려 원화 약세 부채질서울경제노후 연령층 증가에 따른 퇴직연금 시장 확대로 연금 계좌 내 시장 지수형 상장지수펀드 잔액이 가파르게 증가하고 있지만 국내 지수형 상품의 인기는 매년 추락하는 것으로 나타났다 코스피코스닥 등 국내 증시를 추종하는 의 장기 수익률이 주요국 지수형 상품에 비해 한참 부진한 영향이다일 미래에셋증권이 집계한 자료에 따르면 올 분기 확정기여형개인형 퇴직연금 계좌 내  잔액 중      코스닥  코스닥 등 국내 지수형  종이 차지하는 비중은 에 그쳤다 년 분기 말 였던 비중은 년 처음 대로 내려앉은 이후 좀체 반등하지 못하고 있다 잔액 자체는 년 전약 억 원 대비 배 가까이 증가했지만 같은 기간 퇴직연금 계좌 내  전체 잔액 억 원에서 조 원으로 배 넘게 폭등한 속도를 따라잡지 못하는 셈이다일반적으로 투자자들은 퇴직연금 같은 장기 투자 상품으로 지수형 를 선호한다 단일 종목이나 반도체자동차 등 일정 섹터에 집중적으로 투자하는 테마형  대비 분산 효과가 커 변동 위험이 상대적으로 작기 때문이다국내 지수형  인기가 시들한 건 처참한 장기 수익률 탓이다 한국거래소에 따르면 코스피지수는 지난 년 동안  상승하는 데 그쳤다 같은 기간 와  상승한 미국 스탠더드앤드푸어스과 나스닥은 물론 일본 닛케이 독일 닥스 등 주요국 지수 수익률을 한참 밑돌았다 염승환 투자증권 이사는 박스피라는 오명을 벗기 위해서는 애플같이 꾸준히 성장하는 기업들이 많이 배출될 수 있도록 산업구조를 바꿔야 한다며 밸류업 주주 환원 강화 등에도 힘쓰며 국내 증시 자체의 경쟁력을 향상시키는 것도 중요하다고 강조했다반면 개인투자자들은 올 들어 이날까지 퇴직연금 계좌로  미국  미국  미국나스닥  미국나스닥 등 미국 지수형  종 조 억 원어치를 순매수했다일각에서는 퇴직연금 계좌 내 해외  투자 열풍이 원화 약세의 장기적 원인이 될 수 있다고 지적한다 연금개인형종합자산관리계좌 등 절세 계좌 내 해외  투자 열풍이 불며 기준금리 인상에도 엔화 가치가 좀체 반등하지 못하고 있는 일본 사례를 반면교사 삼아야 한다는 주장이다 정부와 금융 당국 역시 이 같은 문제의식에 공감하며 지난달 국내 투자형 의 국내 주식 의무 투자 비율을 현행 최저  수준에서 높이기로 결정했다 정확한 수치는 현재 관련 부처와 협의 중인 것으로 알려졌다,2025.04.09.
관세폭탄의 역설 반도체 덮쳤다,https://n.news.naver.com/mnews/article/011/0004472225,마이크론 메모리값 인상고객사에  등 올린다 서한삼성도 관세분 반영 검토상대국 기업미국민 모두 피해서울경제미국 마이크론이 도널드 트럼프 행정부의 상호관세 발효 시점인 일현지 시간부터 메모리 모듈과 솔리드스테이트드라이브 등 주요 제품 값을 인상한다 자동차부터 스마트폰 등 정보기술 기기 전반에 메모리반도체가 들어가는 만큼 관세발 도미노 제품 값 상승이 본격화할 것으로 우려된다일 로이터통신 등에 따르면 마이크론은 최근 미국 고객들에 메모리 모듈과 에 대한 요금 인상 계획을 통보했다 마이크론은 고객사에 보낸 서한에서 반도체는 관세 부과 대상이 아니지만 메모리 모듈과 에는 적용된다고 밝혀 관세 할증에 따른 가격 인상을 명확히 한 것으로 전해졌다마이크론은 중국과 대만일본싱가포르 등 아시아 공장에서 생산한 제품을 미국에 들여온다 중국의 상호관세율이 에 달하는 것을 비롯해 대만 일본 등 주요 생산국에 고율 관세가 책정되자 마이크론이 관세 전가를 결정한 것으로 풀이된다앞서 마이크론은 지난달 말 메모리 수요 증가에 따라 유통망에 별도의 가격 인상을 통보했다 고객사 입장에서는 시황에 따른 인상에 관세 영향까지 이전보다 더 많은 웃돈을 주고 메모리를 구입해야 한다 마이크론은 메모리 분야 글로벌 위 업체다삼성전자와하이닉스역시 마이크론과 마찬가지로 한국과 중국 등에서 생산한 제품의 상당량을 미국에 팔고 있기 때문에 결국 관세 인상분을 가격에 반영할 수 있다는 전망이 나온다메모리는  기기를 비롯해 전자화하는 자동차까지 완제품 전반에서 사용된다 이에 따라 메모리 값 인상이 주요 제품 가격을 끌어올려 전 세계적인 물가 상승을 촉발하고 이는 소비 감소로 이어질 수 있다는 우려가 제기된다 업계의 한 관계자는 메모리반도체는 대부분 미국 밖에서 생산되고 있어 관세의 영향을 미국 기업과 소비자가 모두 떠안아야 한다며 관세를 내는 상대국 기업이나 미국민 모두에게 피해를 주는 정책이라고 비판했다,2025.04.09.
차익매물 쏟아져소비재 등 우량 중소형주 관심을 여의도 고수의 한수,https://n.news.naver.com/mnews/article/011/0004472224,이영곤 토스증권 리서치센터장관세 변동성 예상보다 증폭금채권 등으로 투자 다변화를이영곤 토스증권 리서치센터장 조태형 기자서울경제글로벌 주식시장이 전체적으로 조정을 받고 있는 가운데 그동안 주가가 많이 올랐던 업종에서는 차익성 매물까지 쏟아지고 있습니다 이런 장세에서는 작지만 강한 종목에서 기회를 찾을 수 있습니다이영곤사진 토스증권 리서치센터장은 일 서울경제신문과 만나 지난해 미국 증시 상승을 이끌었던 매그니피센트은 하락할 수밖에 없는 상황이라며 이같이 말했다 인공지능의 발전으로 그간 가파른 상승세를 보였던 빅테크 종목이 증시 변동성 확대에 차익 실현 수요까지 맞물려 반락을 면치 못했다는 설명이다특히 도널드 트럼프 대통령의 관세 폭탄으로 미국을 포함한 전 세계 증시의 변동성이 증폭된 만큼 상대적으로 안정적인 종목에 대해 관심을 기울여야 한다고 진단했다 이 센터장은 지금 같은 위험 국면에서는 변동성이 큰 성장주에 집중적으로 투자하면 손해를 더 키울 수 있다며 소비재에너지로봇 등 우량 중소형주를 포함해 포트폴리오를 구성하는 것도 대응 전략 중 하나라고 짚었다 아울러 시장 불확실성이 장기화할 가능성도 배제할 수 없기 때문에 채권금 등 안전자산으로 투자 종목을 다변화해야 한다고 조언했다이영곤 토스증권 리서치센터장이 일 서울 강남구 토스증권에서 서울경제신문과 인터뷰를 하고 있다 조태형 기자이 센터장은 이번 미국 증시 조정이 기존 예상보다 빠르게 진행되고 있다고 분석했다 그는 가격적 측면에서도 주가가 이미 많이 올랐기 때문에 차익 매물이 언제든지 나올 수 있는 상태였다며 분기 늦어도 분기부터 미국 시장에서 조정이 시작될 것으로 봤다고 말했다 이런 예측은 트럼프 대통령의 관세정책이라는 변수 앞에서 무용지물이 됐다 이 센터장은 예상과 달리 트럼프의 관세정책이 집권 초기부터 강력하게 나오면서 증시 조정 시기가 앞당겨졌고 단기적인 충격도 기존 예상보다 강하게 나타나고 있다고 설명했다이 센터장은 또 투자자들은 관세 부과가 경기 둔화로 이어지면서 기업 실적까지 타격을 받을까 확인하려고 할 것이라며 관세가 실물경기에 어떻게 영향을 미칠지 확인하는 과정을 거치면서 분기에 시장 변동성이 더 커질 수도 있다고 진단했다다만 현재 관세정책은 미국 경제에도 부담으로 작용하는 만큼 협상을 통해 조정될 가능성이 크다고 분석했다 이 센터장은 결국 트럼프 대통령도 미국 경제가 망가지는 것을 원하지 않기 때문에 적절한 대응책이 나올 가능성이 높다며 분기가 지나 연말로 갈수록 증시도 상승 추세로 전환될 것이라고 봤다 미국 증시는 근본적으로 좋은 성과와 수익을 얻을 수 있는 구조이고 잠재력을 가진 종목이 많은 시장이기 때문에 장기 투자 관점에서 접근하는 것이 바람직하다는 게 이 센터장의 시각이다,2025.04.09.
카카오엔터 매각설에 카카오 주주와 검토 중 확정된 건 없다,https://n.news.naver.com/mnews/article/374/0000434266,카카오가 최근 불거진 카카오엔터테인먼트 매각 추진 소문과 관련해 주주와 다양한 방안을 검토 중이지만 현재까지 확정된 사항은 없다라고 오늘일 공시했습니다오늘 금융감독원 전자공시시스템에 따르면 카카오는 당사는 카카오 그룹의 기업가치 제고와 카카오엔터테인먼트의 지속적인 성장을 위해서 해당회사 주주와 다양한 방안을 검토 중이나 현재까지 확정된 사항은 없다라고 공시했습니다현재 카카오는 카카오엔터테인먼트를 매각하기 위해 주요 주주들과 논의를 진행 중인 것으로 알려진 상태입니다 업계에 따르면 카카오는 최근 카카오엔터테인먼트의 주요 주주사인 앵커에쿼티파트너스 사우디아라비아 국부펀드 싱가포르투자청 등에 서한을 보내 매각 의사를 전달했으며 거론되는 매각 대금은 조 원 규모로 전해집니다카카오는 현재 카카오엔터테인먼트 지분 를 보유한 최대 주주입니다 앵커에쿼티파트너스가 약 의 지분을 보유하고 있고 와 가 각각 를 가지고 있습니다앞서 카카오는 카카오엔터테인먼트 기업공개를 지난 년부터 추진했지만 쪼개기 상장 등이 논란되며 중단됐습니다카카오는 카카오엔터테인먼트 매각 추진과 관련한 사항이 확정되는 시점 또는 개월 내에 이 사안에 대한 공시를 낼 계획이라고 전했습니다당신의 제보가 뉴스로 만들어집니다 는 여러분의 제보를 기다리고 있습니다홈페이지,2025.04.09.
