제목,링크,본문
시총 19.3조 증발 하이닉스…“구조적 위기 아니다”,https://n.news.naver.com/mnews/article/016/0002501654,"골드만삭스 투자의견 ‘중립’ 직격탄외인·기관 대거매도 ‘30만닉스’ 내줘‘모건스탠리 쇼크’ 재연 우려, 투심↓전문가 “원가구조, 경쟁사보다 유리”SK하이닉스 시가총액이 하루 만에 19조3000억원이나 증발했다. 글로벌 투자은행(IB) 골드만삭스의 투자의견 하향 조정에 외국인·기관 투자자가 대거 주식을 팔아치우면서 주가가 9% 가까이 급락했기 때문이다. 국내 증권가에선 지난해 9월 모건스탠리의 매도 의견 보고서 발간 후 하루 만에 주가가 6.14% 폭락한 사태의 재현이란 지적이 나온다.18일 금융투자업계에 따르면 SK하이닉스 주가는 전날 코스피 시장에서 전 거래일 대비 8.95%(2만6500원) 급락한 26만9500원에 거래를 마쳤다.이날 외국인 투자자는 5647억원, 기관 투자자는 2801억원어치 SK하이닉스 주식을 순매도했다. 특히, 기관은 지난 11일부터 5거래일 연속으로 총 7672억원어치 SK하이닉스 주식을 팔아 치웠다. 앞서 SK하이닉스 주가는 지난 14일 종가 기준으로 30만원에 장을 마치며 사상 최초로 종가 기준 ‘30만닉스(SK하이닉스 주가 30만원대)’ 고지에 올라선 바 있다.200조원대를 훌쩍 넘어섰던 SK하이닉스 시총도 하루 만에 190조원 대로 하락했다. 지난 16일 종가 기준으로 215조4887억원이던 SK하이닉스 시총은 전날 종가 기준으론 196조1966억원까지 내려왔다.골드만삭스는 전날 SK하이닉스에 대한 투자 의견을 ‘중립’으로 하향 조정했다. SK하이닉스 주가에 예상보다 더 큰 충격을 가한 것은 SK하이닉스 호실적의 근간을 구성하는 고대역폭메모리(HBM) 경쟁 심화 우려를 짚었기 때문으로 보인다.골드만삭스는 HBM 시장 전체의 장기 전망은 여전히 긍정적으로 보이나, 내년부터는 HBM 산업의 경쟁력 심화로 가격이 처음으로 하락세에 접어들 것으로 예측했다. 아울러 가격 협상력도 공급사가 아닌 고객사로 넘어갈 것으로 내다봤다.골드만삭스는 “주가가 이미 크게 상승한 만큼 실적 리스크를 고려해 보수적 입장으로 전환한다”고 꼬집었다.일각에선 작년 SK하이닉스를 비롯해 삼성전자 등 국내 주요 반도체주에 충격을 안겨 줬던 ‘모건스탠리 악몽’이 또다시 펼쳐지는 게 아니냔 걱정스러운 목소리도 나온다.작년 9월 모건스탠리는 ‘겨울이 다가온다’란 제목의 보고서를 통해 SK하이닉스 목표 주가를 26만원에서 12만원으로 53.85%나 떨어뜨린 바 있다. 여기에 투자 의견도 ‘비율 확대’에서 ‘비율 축소’로 한 번에 두 단계 내려 잡은 결과 외국인-기관 투자자를 중심으로 투심이 급격히 위축됐다. 이 때문에 주가 역시도 단기간에 곤두박질쳤다.국내 증권사 역시도 비슷한 문제 제기에 동참함으로써 SK하이닉스를 향한 투심을 식혔다.전날 대신증권도 반도체 업종 가격 전망 보고서에서 ‘6세대 HBM’ HBM4 가격 프리미엄 축소를 반영해 2026년 HBM 평균판매단가(ASP) 전망을 기존 2025년 대비 7% 성장에서 2025년 대비 6% 하락으로 하향했다.다만, SK하이닉스가 HBM 부문의 경쟁 심화로 인해 구조적 위기에 빠질 가능성은 여전히 크지 않다는 게 국내 증권가의 대체적인 판단이다.김형근 연구원은 “투자의견을 중립(hold)으로 변경할 시점은 아니며, 시장 리더를 벌써 파는 건 이르다고 생각한다”고 강조했다.채민숙 한국투자증권 연구원도 “SK하이닉스의 HBM 매출 비중이 이미 DRAM 내 50% 이상으로 높아졌지만 경쟁사 대비 유리한 원가 구조와 높은 수율을 바탕으로 2025년까지 분기 최대 실적을 계속 경신할 것”이라며 “이달 24일 발표 예정인 2분기 실적은 시장 기대치를 상회할 가능성이 높고 이후 주가도 다시 회복세를 보일 것”이라고 전망했다. 한국투자증권은 SK하이닉스에 대해 목표 주가 34만 원, 투자 의견 ‘매수’를 유지했다. 신동윤 기자"
"BGF리테일, 충남 지역 폭우 피해 긴급 지원",https://n.news.naver.com/mnews/article/014/0005379202,"국가 재난 긴급 구호활동 'BGF브릿지' 가동생수, 컵라면 등 식음료 긴급 배송BGF리테일의 국가 재난 긴급 구호활동 'BGF브릿지' 구호물품 수송차량. BGF리테일 제공[파이낸셜뉴스] CU를 운영하고 있는 BGF리테일은 집중 호우로 침수 피해를 입은 충남 지역에 긴급 구호물품을 지원했다고 18일 밝혔다. BGF리테일은 지난 16일부터 시작된 폭우로 인한 충남 지역 이재민 발생 소식을 듣고 행정안전부, 전국재해구호협회와 구축하고 있는 국가 재난 긴급 구호활동인 'BGF브릿지'를 가동해 아산시, 당진시, 예산군으로 구호물품을 긴급 배송했다.이번에 전달된 구호물품은 생수, 라면, 초코바, 캔커피 등 총 13종 1만2000여 개의 식음료로 구성됐다. 현지 이재민과 구호 인력 등에게 제공될 예정이다. 향후 피해 상황을 지속적으로 모니터링해 추가 지원도 검토하고 있다.BGF리테일은 지난 2015년 행정안전부, 전국재해구호협회와 '재난 예방 및 구호에 대한 업무협약'을 맺고 전국 30여 개 물류센터와 전국 CU의 1만8000여개 점포 네트워크를 기반으로 국가 재난 예방 및 긴급 구호활동을 지원하고 있다.최민건 BGF리테일 환경·사회·지배구조(ESG)팀장은 ""전국적으로 안타까운 피해 소식이 계속 들려오고 있어 행정안전부 등과 24시간 핫라인을 유지하며 만일의 사태에 대비해 상시 구호활동에 만전을 기하고 있다""며 ""이재민들을 위한 활동에 더해 향후 피해 지역의 복구 활동을 지원하는 것도 적극 검토하는 중""이라고 말했다."
"삼성액티브, KoAct 배당성장액티브 2.5% 특별배당",https://n.news.naver.com/mnews/article/277/0005624412,"삼성액티브자산운용은 KoAct 배당성장액티브 ETF가 특별배당 2.5% 지급을 처음 실시한다고 18일 밝혔다. 배당락 전날인 29일까지 KoAct 배당성장액티브 ETF를 보유한 투자자는 특별배당을 받을 수 있다. 배당지급일은 8월 4일이다.특별배당을 지급하게 된 배경은 우수한 수익률이다. KoAct 배당성장액티브는 지난해 2월상장한 이후 비교 지수인 코스피 대비 높은 성과를 나타내고 있다. ETF는 1개월 8.8%, 3개월 30.7%, 6개월 32.4%, 1년 20.8%의 수익률을 기록했다.최근 국내 증시 부양을 위한 주주환원 정책이 가시화되면서 KoAct 배당성장액티브의 투자전략이 맞아 떨어졌다는 평가다. KoAct 배당성장액티브는 배당이 지속 확대되는 배당성장주, 주주환원이 증가하는 기업, 현금 흐름이 개선되는 기업을 엄선해 투자한다. 기업의 배당 지급횟수 및 배당 수익률을 검토함은 물론 자사주 매입 여력을 확인해 실제 주주환원이 성장하는지를 점검한다. 자사주 관련정책 변화가 기대되는 만큼 투자종목 선정 역량이 돋보이는 부분이다.KoAct 배당성장액티브는 금융, 화학, 전자 등 산업 전반의 수혜주에 투자하는 포트폴리오를 갖췄다. 업종별 투자비중 상위 업종은 금융업과 지주사다. 현금 흐름 및 주주환원이 우수한 기업 44개 종목을 골고루 담고 있다. 총 보수는 연 0.5%다.남은영 삼성액티브자산운용 운용1팀장은 ""일반 고배당 종목의 경우는 이미 이익과 배당성향이 높기 때문에 배당소득 분리과세 법안이 통과된다고 해도 기존 대비 배당금의 상승이 높지 않을 수 있다""며 ""일반 고배당 종목 대비 배당금이 성장할 수 있는 배당성장 종목이나 배당성향을 높이면서 재평가 받을 가능성이 높은 지주사를 투자하는 게 바람직하다""고 말했다.남 팀장은 ""주요 투자지표를 기반으로 투자대상을 선별하는 정량적인 작업과 함께 향후 주주환원율을 높이려는 기업을 개별적으로 발굴하는 정성적인 작업도 진행해야 한다""며 ""액티브 스타일의 운용방식이 더 적합하다""고 강조했다.KoAct 배당성장액티브 ETF는 분기배당을 실시하며, 지난 5월 약 1.5%의 배당을 지급했다."
집중호우로 충남·전남 등 ‘축구장 2.8만 면적’ 농작물 침수,https://n.news.naver.com/mnews/article/018/0006068958,"이번 호우로 농작물 2만90㏊ 침수[이데일리 박지애 기자] 지난 16일부터 이어진 집중호우로 축구장 2만8000개 면적에 해당하는 농작물이 물에 잠긴 것으로 집계됐다.충남 예산군의 폭우로 침수된 한 비닐하우스(사진=연합뉴스)지방자치단체의 초동 조사에 따르면 이번 집중 호우 침수 피해 규모는 지난 18일 기준 벼와 콩 등 농작물 2만90㏊(헥타르·1㏊는 1만㎡)가 침수된 것으로 잠정 집계됐다고 농림축산식품부가 19일 밝혔다.이는 축구장(0.714㏊) 약 2만8천개에 해당하는 크기다.침수 피해 작물은 벼(1만7천519㏊)와 콩(1천559㏊)이 대부분의 면적을 차지한다.깻잎(184㏊), 딸기(182㏊), 수박(124㏊), 쪽파(94㏊), 멜론(86㏊), 참깨(66㏊), 고추(63㏊) 등도 침수 피해를 입었다.지역별로 보면 비가 집중된 충남의 침수 피해가 1만6천771㏊로 가장 크며 전남(2천403㏊), 경남(604㏊)이 뒤를 이었다.가축은 닭 83만마리, 오리 4만3천마리, 소 60마리, 돼지 829마리 등의 피해를 본 것으로 잠정 집계됐다.침수된 농경지는 신속하게 물을 빼고 흙 앙금을 제거해야 한다. 또 병해충 예방을 위해 약제와 영양제를 살포해야 한다.축사의 경우 환기를 하고 가축 분뇨를 신속하게 제거해야 한다."
"홈플러스, 신내점 매각해 메리츠 대출 515억 추가 상환",https://n.news.naver.com/mnews/article/011/0004510834,[서울경제]홈플러스가 메리츠 금융 계열 3사에서 빌린 대출금 1조 2000억 원 가운데 515억 원을 조기 상환했다고 18일 밝혔다. 이번 메리츠 대출 조기 상환은 홈플러스가 회생절차에 따른 상거래채권이 아닌 금융채권을 상환한 첫 번째 사례다.홈플러스 측은 “회생절차 개시 전부터 진행해온 신내점 매각이 15일 완료됐다”며 “법원으로부터 회생채권 조기변제를 허가받아 신내점 매각 대금으로 메리츠 대출 일부를 상환했다”고 말했다. 이번 변제로 홈플러스의 메리츠 대출금 잔액은 1조 1000억 원대로 줄었다. 홈플러스는 이번 대출 조기상환을 계기로 현재 진행 중인 인가 전 인수·합병(M&A)도 탄력을 받을 것으로 기대하고 있다.한편 홈플러스는 신내점 부지가 재개발돼 신축 건물이 완성되면 최신 쇼핑 트렌드를 반영한 미래형 마트로 재입점할 계획이다. 기존 신내점 직원들은 100% 고용을 보장해 인근 점포로 전환 배치하고 별도의 고용안정지원금을 지급한다. 또 본인이 희망할 경우 재개발 후 새롭게 재오픈할 신내점에서 근무할 수 있도록 검토할 예정이다.
AI 도입으로 일상도 산업도 혁신···기업 내부 정보 유출 우려도,https://n.news.naver.com/mnews/article/032/0003383714,"18일 경북 경주에서 열린 제48회 대한상의 하계포럼 프로그램 중 하나인 AI 토크쇼에서 최태원 대한상의 회장이 발언하고 있다. 대한상공회의소 제공경기도에서 물류 자동화 기기를 만드는 중소기업 CFA는 공장에 로봇을 도입했다가 난감한 상황에 처했다. 생산공정에 로봇을 활용하기 위해 추가로 드는 비용이 너무 비쌌다. 로봇 공정을 최적화하는 소프트웨어의 라이선스를 구매하는 비용과 이를 운영하는 데 드는 인건비만 매년 최소 3억5000만원이 들었다. 비용을 줄이려 도입한 로봇이 오히려 부담을 늘린 셈이었다.CFA는 ‘인공지능(AI) 솔루션’을 도입해 문제를 해결했다. 인공지능으로 문제해결·작업자동화를 수행하는 AI 솔루션은 별도의 라이센스와 인력 없이도 로봇 배치 등 로봇 공정을 위한 최적화를 끝마쳤다. 박만헌 CFA 부사장은 “소프트웨어나 전문가 없이도 로봇 배치·운영을 할 수 있었고 매년 수억원의 비용을 아끼게 됐다”고 말했다.대한상공회의소는 18일 경북 경주의 한 호텔에서 인공지능(AI) 토크쇼 ‘모두의 AI, 우리의 AI’를 열고 지역기업과 스타트업 관계자들과 AI 전환·체험 경험을 공유했다. 이 자리에는 최태원 대한상의 회장과 정신아 카카오 대표를 비롯한 스타트업·지역 중소기업 관계자들이 참석했다.최근 AI 도입으로 공정 효율화를 마친 경남 사천의 한 공장 관계자는 “처음 AI를 들일 때는 반신반의했지만 지금은 ‘AI공장장’이 박사급 직원 2명 몫 이상을 해내고 있다”고 말했다. AI 일처리 속도가 박사급 연구원 2명이 한달을 달라붙어야 할 제조공장의 로봇 배치·공정 효율화 작업을 30분 만에 처리할 수 있을 정도로 빠르기 때문이다. 이 공장은 요즘은 수십㎞ 떨어진 곳에서 공장을 제어하는 디지털 트윈 도입도 고려하고 있다.장영재 카이스트 교수는 “규모가 작은 기업을 대상으로 AI를 확산한다면 현재의 관세전쟁과 중국 추격 등으로 어려움을 겪고 있는 국내 제조업의 생산성이 빠르게 개선될 수 있을 것”이라고 말했다.스타트업 기업에서는 AI 도입으로 새로운 사업 아이템을 발굴했다는 이야기도 나왔다. 예상욱 세탁특공대 대표는 “고객의 옷에 부착된 케어라벨(품질표시표시)을 매일 3만개씩 AI가 학습하면서 고객의 옷장 속 데이터가 쌓이고 있다”며 “의류업체들도 보유하지 못한 이 데이터를 활용해 향후 패션 트렌드 예측과 같은 신규 사업 모델을 발굴할 계획”이라고 밝혔다.현장에선 AI 도입의 현실적 어려움을 토로하기도 했다. 지역 서비스업체 대표 A씨는 “서울이나 수도권에서는 AI에 대한 정보도 많고 관련 인력도 많아서 AI를 비즈니스에 접목하는 게 쉽지만 그 외 지역에서는 인력은 물론이고 사람 하나도 구하기 힘든 실정”이라며 “각양각색의 사업 모델에 적용할 수 있는 다양한 AI 솔루션이 개발·보급된다면 더 많은 기업이 AI 전환에 도전할 수 있을 것”이라고 말했다.AI 전환을 고민 중이라는 제조업체 대표 B씨는 “기업으로서는 그 과정에서 내부 정보나 기밀이 노출될 가능성을 우려하지 않을 수 없다”며 “(내부정보와 기밀을 보호할 수 있는) 제도적 틀이 마련돼야 한다”고 말했다.최태원 상의 회장은 “AI를 써서 편리해지거나 사업을 하는 데 도움이 될 수 있는 AI 전환이 중요하다”며 “각각 업종과 특성에 맞춰 제조(공정)에 더 유리한 방식으로 발전 로드맵을 만들어내는 게 필요하다”고 말했다."
"LH, 수해·화재 피해 이재민에 긴급 주거지원 나선다",https://n.news.naver.com/mnews/article/018/0006068743,"임대주택 공가 및 전세임대 활용충남·경기 등 피해지역 중심 지원[이데일리 이다원 기자] 한국토지주택공사(LH)가 호우 및 화재 등 재해로 피해를 입은 이재민들의 주거 안정을 위해 임대주택 공가를 활용한 긴급주거지원에 나선다고 18일 밝혔다.한국토지주택공사 CI. (사진=한국토지주택공사)이번 조치는 국토교통부 및 각 지방자치단체(지자체)와의 협력을 통해 이뤄진다.LH는 이를 통해 피해지역 주민의 신속한 일상 회복을 목표로 한다는 계획이다.LH는 이번 집중호우로 큰 피해를 입은 충남 서산시와 당진시 지역을 중심으로 현장지원반을 구성해 약 700호의 임대주택을 즉시 제공할 수 있도록 준비 중이다.또한 공급 가능한 주택이 부족할 경우 전세임대주택 제도를 활용해 추가 지원할 방침이다.전세임대는 입주 대상자가 거주할 주택을 직접 찾으면 LH가 집주인과 전세 계약을 맺고 이를 저렴하게 재임대하는 방식이다.이와 별도로 지난 17일 발생한 경기도 광명시 아파트 화재 피해 입주민에 대해서도 LH는 지자체와 긴급 협의해 임대주택을 임시 거처로 제공하는 방안도 추진 중이다.긴급주거지원 외에도 LH는 당진시 등 피해 지역의 이재민들을 위한 응급구호에도 나섰다. 전날 담요, 속옷 등이 포함된 응급구호키트 108세트를 당진시에 전달했으며 추가 수요에 대응해 지자체와 협의해 지속적으로 키트를 지원할 계획이다.앞서 LH는 지난 2019년부터 자연재해 등으로 피해를 입은 이재민들을 위해 인근 임대주택을 활용한 긴급주거지원 제도를 시행해 현재까지 총 630세대를 지원한 바 있다.올해 3월 발생한 경북 지역 대형산불 당시에도 건설임대주택을 포함해 총 118세대의 임시 거주지를 제공해 피해민의 주거안정에 기여했다."
"현대건설, 상반기 영엽이익 4307억원…전년 대비 8.2% 상승",https://n.news.naver.com/mnews/article/011/0004510773,"[서울경제]현대건설이 올해 상반기 연결 실적을 잠정 집계한 결과 매출액은 15조 1763억원, 영업이익은 4307억 원을 기록했다고 18일 공시했다.매출액은 전년 동기 대비 11.6% 줄어들었다. 반면 영업이익은 8.2% 늘어났다. 현대건설의 한 관계자는 “공사비 급등기에 착공한 현장이 순차적으로 준공되고 수익성이 확보된 주요 공정이 본격화하면서 올해 뚜렷한 영업이익 회복세를 보였다”고 말했다.국내 사업에서는 울산 S-Oil 샤힌 프로젝트, 힐스테이트 더 운정, 디에이치 클래스트 등이 실적을 견인했다. 해외에서도 사우디 아미랄 패키지(PKG)4, 파나마 메트로 3호선 등 공정이 안정적으로 진행되면서 연간 매출 목표 30조4000억원의 49.9%를 채웠다.수주는 경쟁 우위 상품 중심으로 전년 동기 대비 0.4% 증가한 16조 7344억 원을 기록했다. 올해 상반기까지 연간 수주 목표 31조 1000억 원의 53.7%를 달성했다.개포주공 6·7단지 재건축과 부산 범천4구역 재개발 등 도시정비사업과 팀북투 데이터센터 등 경쟁력을 고도화한 고부가가치 사업 중심으로 수주가 많았다. 수주 잔고는 94조 7613억 원으로, 약 3.1년치의 일감을 확보한 상태다.현금 및 현금성 자산(단기금융상품 포함)은 3조 5410억 원이며 부채비율은 167.9%, 지불능력인 유동비율은 145.3%를 기록했다. 신용등급은 업계 최상위 수준인 AA-등급으로 재무구조를 안정적으로 유지하고 있다.올해도 현대건설은 불확실한 글로벌 경영 환경을 극복하기 위해 기술·고부가가치 중심의 프로젝트 수주를 이어갈 계획이다. 새로운 밸류체인 확보를 위한 미래 신성장동력 사업 발굴에 나설 예정이다.현대건설의 한 관계자는 “압도적 기술 역량과 시공 실적을 바탕으로 비즈니스 모델 다변화에 속도를 내고 있다”며 “올해 대형원전·SMR과 태양광 등 지속가능한 에너지 분야에서 혁신의 토대를 마련할 것”이라고 말했다. 그는 이어 “데이터센터와 해상풍력 등 기존 건설업의 영역을 넘어설 수 있는 신규 프로젝트도 지속적으로 발굴해 글로벌 건설 시장을 선도하는 기업으로 거듭나겠다”고 덧붙였다."
"코레일, 오전 10시부터 일부구간 제외 열차 운행 순차 재개",https://n.news.naver.com/mnews/article/052/0002221334,"한국철도공사는 전국에 내린 호우로 멈추거나 조정됐던 열차 운행을 오늘(19일) 오전 10시부터 차례로 재개했다고 밝혔습니다.경부 일반선과 전라선, 장항선, 서해선, 충북선은 전 구간 운행을 재개했으며,비가 계속 내려 시설물 점검이 어려운 호남선과 경전선 일부 구간은 운행 중지를 유지한다고 설명했습니다.구체적으로 호남선 고속열차 광주송정역∼목포역, 호남선 일반열차 익산역∼목포역, 경전선 일반열차 마산역∼광주역 등 구간입니다.한국철도공사는 피해가 난 구간을 긴급 복구했고, 안전점검도 완료했다며, 기상 상황에 따라 변동이 생길 수 있으니 열차 이용 전 실시간 운행 상황을 확인해달라고 당부했습니다.※ '당신의 제보가 뉴스가 됩니다'[카카오톡] YTN 검색해 채널 추가[전화] 02-398-8585[메일] social@ytn.co.kr"
"“미식여행과 패션, 한 자리에” 신세계면세점 명동점, ‘테이스트 오브 신세계’ 오픈",https://n.news.naver.com/mnews/article/119/0002980609,"18일 식품존·패션존 새 단장트렌디한 브랜드, 지역 특산 식품 등 소개외국인 관광객 수요 겨냥ⓒ신세계면세점[데일리안 = 최승근 기자] 신세계면세점이 명동점 11층을 디저트·식품부터 패션, 기프트, 케이팝 상품까지 100여개 브랜드를 아우르는 K-컬처 복합 쇼핑 공간으로 전면 리뉴얼했다.특히 이번 리뉴얼의 핵심인 ‘TASTE OF SHINSEGAE(테이스트 오브 신세계)’는 초콜릿, 스낵, 포장식품부터 디저트, 지역 특산품, 건강기능식품까지 폭넓게 선보이는 큐레이션 공간이다.팝업 매장에서는 SNS 인기 브랜드와 중소기업 제품을 소개해 관광객의 다양한 취향을 겨냥한다.또한 기존 8층에 있던 'SPACE OF BTS' 매장도 11층으로 리뉴얼 오픈해 팬 콘텐츠와 체험 요소를 한층 강화했다.최근 한류 콘텐츠 확산과 여행 수요 회복으로 한국 문화 체험을 찾는 관광객이 늘어나고, 올해 상반기 신세계면세점의 식품 카테고리 매출이 전년동기 대비 약 40% 증가하는 등 이러한 트렌드를 리뉴얼에 반영했다.‘테이스트 오브 신세계’는 총 4개의 존(zone)으로 세분화됐다.먼저 국내 면세점 최초 입점한 ‘브릭샌드’와 ‘그래인스 쿠키’ 등으로 구성된 디저트 존에서는 트렌디한 휘낭시에와 프리미엄 쿠키 등을 만나볼 수 있다.팝업 존은 홍대와 북촌, 성수 등 미식 핫플레이스의 감성을 담아 외국인 여행객들 선호할 만한 브랜드와 국내 우수 중소기업 제품을 소개하고, 여행객들이 한국의 맛을 선물로 간직할 수 있도록 차별화된 패키지와 기프트 박스도 함께 마련했다.최근 SNS에서 입소문을 타고 국내에서 ‘핫’한 브랜드로 떠오른 만나당(약과·한과), 슈퍼말차(티·랑그드샤), 니블스(초콜릿), 타이거모닝(진저샷), 케이첩(소스) 등이 취향을 사로잡는다.또한 신세계 푸드 마켓 존은 삼청동 에그롤, 헬렌스 비건 쿠키 등 프리미엄 간식부터 비비고 간편식, 전통 참기름·고추장 등 지역 특산품까지 폭넓게 구성했다.건강기능식품 존에는 홍삼가 건보 같은 홍삼 제품은 물론, 세노비스(CENOVIS), GNC, 오쏘몰(ORTHOMOL) 등 인기 글로벌 브랜드도 입점해 웰니스 수요를 겨냥했다.주류 코너는 고연산 위스키 등 레어 아이템 전시로 즐거움을 더하고, 담배 매장에는 하바노스, 다비도프 등이 시가존을 새롭게 구성했다. 중국 담배 라인업도 확대해 니치 마켓 수요를 공략하며 차별화된 선택지를 제공한다.패션존은 기존의 내셔널지오그래픽, 아크메드라비 등 스트리트 브랜드에 더해 게스(GUESS), 엠엠엘지(Mmlg) 단독 숍을 새롭게 추가했다.고객 취향을 반영해 선택의 폭을 넓혔으며, 명동점 9층 패션관과의 연계로 쇼핑 동선의 시너지를 높였다.이밖에 신세계면세점 단독 ‘SPACE OF BTS’ 매장은 멤버별 활동 시기에 맞춘 앨범과 굿즈 신상품을 추가하고 콘텐츠 확대 등 팬층을 겨냥한 트렌드에 부합하는 공간으로 재탄생했고, 한국 대표 캐릭터 카카오프렌즈, 잔망루피 등을 중심으로 기프트 존도 구성했다.채정원 신세계디에프 MD담당 상무는 “MD 전략에서 가장 중요한 것은 빠른 속도와 트렌드 대응 역량”이라며 “성수동과 홍대 등 서울 주요 상권의 최신 트렌드와 감성을 면밀히 분석해 명동점에 집약하고, 고객이 한국을 대표하는 트렌디한 브랜드와 제품을 편리하게 만나볼 수 있도록 기획했다”고 전했다.이어 “앞으로도 K-콘텐츠 중심의 상품 개발과 매장 운영을 강화해 면세 쇼핑의 매력을 알리고, 브랜드와 상생할 수 있는 혁신을 이어가겠다”고 덧붙였다."
“합법 탈 쓴 편법”…롯데렌탈 유상증자 둘러싼 논란,https://n.news.naver.com/mnews/article/018/0006068982,"[위클리 IB]유상증자 강행하는 롯데렌탈에 시장 비판 쇄도최대주주만 경영권 프리미엄 162% 챙겨일반 주주 철저히 소외...소송전 벌어질까합법적 테두리 갖춘 구조...법적 제동 까다로워이 기사는 2025년07월19일 10시20분에마켓인 프리미엄 콘텐츠로 선공개 되었습니다.[이데일리 지영의 기자] 롯데렌탈의 제3자 배정 유상증자 강행을 두고 논란이 거세지고 있다. 합법적 테두리는 갖췄으나 실질적으로는 기존 주주의 권리를 침해한 전형적 편법 사례라는 비판이 거세다.유증으로 인수 평균단가 낮춰주기?18일 투자은행(IB)업계에 따르면 롯데렌탈은 지난 2월28일 사모펀드 어피니티에쿼티파트너스가 주요 출자자로 참여한 특수목적법인(SPC)에 726만1877주의 신주를 발행하는 제3자 배정 유상증자를 단행한다고 밝혔다. 전체 발행주식 총수의 19.9999%에 해당하는 물량으로, 주주총회 없이 이사회 결의만으로 가능한 최대치다. 신주 발행가는 주당 2만9180원, 발행 규모는 약 2219억원이다.문제는 같은 날 롯데그룹이 어피니티에 보유 지분 56.2%(2039만여 주)를 주당 7만7115원에 매각하는 계약도 체결했다는 점이다. 경영권 프리미엄은 약 162%로, 주당 2만6803원의 초과 가치를 최대주주만 확보한 것이다.시장에서는 이 두 거래가 연결되어 있다는 점에 주목하고 있다. 어피니티는 낮은 가격으로 신주를 대량 확보해 평균 단가를 낮추고, 추가 자금 부담 없이 더 많은 지분을 확보할 수 있게 됐다. 반면 어피니티를 제외한 일반 주주는 유상증자로 인해 지분이 희석됨에도 배제된 상태다. 지배주주는 프리미엄을 독식하고, 일반 주주는 피해만 보는 구조라는 비판이 나오는 이유다.끝내 유상증자 강행 가능할까...법적 제동 가능성은시장에서는 VIP자산운용 등 다른 주주가 법적 대응에 나설지를 주목하고 있다. 특히 집합투자업자인 자산운용사로서는 펀드 수익자에 대한 선관주의 의무를 고려하면 대응에 나설 명분이 있다는 평가다.롯데렌탈은 유상증자 목적을 ‘신사업 투자와 채무 상환’이라고 밝혔고, 정관에도 제3자 배정 유증을 허용하는 조항이 명시돼 있다. 사모펀드인 어피니티가 제 3자라는 점에서 외형상 법적 요건은 충족한 셈이다. 그러나 실제 목적이 어피니티의 인수 편의를 위한 것이라면, 이는 상법상 허용되는 ‘경영상 목적’에서 벗어났다고 해석될 가능성도 있다. 실질이 ‘경영권 매각 지원’이었다면 법적으로는 ‘사적 이익을 위한 신주 발행’으로 간주할 가능성이 있다는 이야기다.실제로 유사한 구조였던 고려아연 사례에서 법원은 제3자배정 유증을 무효로 판단했다. 이사회가 최대주주의 경영권 방어를 목적으로 특정 계열사에 유증을 단행했고, 이는 정관 위반 및 주주권 침해에 해당한다고 봤다. 이사회가 최대주주의 경영권 방어를 목적으로 특정 계열사에 유증을 단행한 것이 문제였다. 정관 위반이자 소액주주의 주주권을 침해한 ‘사익 편의적 유증’으로 간주했다.다만 롯데렌탈 건은 고려아연과 달리 외형상 법적 요건은 모두 갖췄고 경영상 판단에 대한 법원의 개입 문턱이 높다는 점에서 법정에서 무효를 인정받기는 쉽지 않을 수 있다. 유상증자 무효 소송은 충분히 제기할만하다 해도, 실질 목적과 정관 위반 등을 일반주주가 입증해야 한다는 점에서 장벽이 상당히 높다는 평가다.한 자본시장 관계자는 “롯데렌탈 유상증자 사태는 상법과 자본시장법이 갖고 있는 구조적 허점을 보여준 사례”라며 “제3자 배정 유증은 형식적 요건만 갖추면 사실상 지배주주가 인수자와 사적으로 협의해 구조화하고 언제든 소액주주를 배제시킬 수 있다”고 지적했다."
골드만삭스 보고서 한 장에…하이닉스 ‘털썩’ 삼성 ‘반색’,https://n.news.naver.com/mnews/article/024/0000098635,"골드만삭스, HBM 경쟁 구도 변화 주장외국계 IB 씨티, 삼성전자 목표주가 상향삼성전자 [사진 출처 = 연합뉴스]외국계 증권사 리포트 하나로 삼성전자와 SK하이닉스 주가 희비가 엇갈리고 있다. HBM(고대역폭메모리) 경쟁 구도 변화에 관한 골드만삭스 보고서 이후 SK하이닉스는 급락한 반면, 삼성전자는 목표주가 상향과 이재용 회장 무죄 확정 판결 덕분에 상승세를 탔다.한국거래소와 금융투자 업계에 따르면, SK하이닉스는 지난 7월 17일 9%가량 하락한 데 이어 18일에도 약세를 보였다. 하락의 직접적인 원인은 골드만삭스가 내놓은 HBM 시장 전망이다.골드만삭스는 보고서에서 “내년 HBM 평균판매가격(ASP)이 기가바이트(GB)당 11.9달러로 올해(13.1달러) 대비 10% 하락하고 삼성이 엔비디아 납품을 조기 통과하면 HBM 가격이 최대 35%(HBM3E 12단 기준) 빠질 것”이라 봤다. 엔비디아 품질 테스트를 통과한 마이크론이 생산능력을 끌어올리는 것도 HBM 가격 하락 요인으로 지목됐다. 삼성의 진입과 마이크론 생산능력 확대가 맞물려 HBM 시장이 내년부터 공급 과잉 국면에 들어간다는 게 골드만삭스 논리다.JP모건을 비롯한 다른 외국계 IB는 SK하이닉스 독주가 당분간 이어질 것으로 본다. JP모건은 지난 6월 보고서를 통해 SK하이닉스의 2027년 영업이익을 60조3070억원으로 전망했다.반면, 삼성전자는 외국계 IB 씨티그룹이 목표주가를 8만3000원에서 9만원으로 올리는 등 상승세다. 씨티는 보고서에서 “지난 2분기 실적이 다소 실망스러웠지만, 하반기 범용 레거시 반도체 회복이 이익 개선을 이끌 것”이라며 낙관적 전망을 내놨다. 때마침 지난 7월 17일 대법원에서 자본시장법상 부정거래행위·시세조종, 업무상 배임 등 혐의로 기소된 이재용 회장에게 전부 무죄를 선고한 원심 판결을 확정한 소식도 호재로 작용했다.한편, 반도체 업황 바로미터로 통하는 대만 TSMC는 사상 최대 분기 실적을 또 갈아치웠다. TSMC는 지난 2분기 매출 9337억9000만대만달러(약 44조1400억원), 영업이익 4634억2300만대만달러(약 21조9000억원)를 기록했다고 밝혔다. 이는 전년 동기 대비 각각 39%, 62% 증가한 수치다. 영업이익률은 50%를 웃돌아 글로벌 반도체 기업 중 가장 높은 수익성을 보였다."
사두면 돈 된다?…3억대 빌라에 '눈독' 이유 알고보니,https://n.news.naver.com/mnews/article/015/0005159998,"상도·신창동…자금부담 덜한 초기 재개발 주목사진=뉴스1정부의 강력한 대출 규제(6·27 부동산 대책) 발표 이후 투자가 크게 위축되고 있다. 담보대출을 6억원으로 묶은 게 핵심이다. 상대적으로 초기 투입 자본이 적고 내 집도 마련할 수 있는 재개발이 관심을 끈다.재개발 투자자는 프리미엄(웃돈)을 주더라도 사업 속도가 빠른 구역 물건 매수를 선호하는 사람과 사업 초기 단계에서 비교적 저렴한 가격에 매물을 사들이는 것을 선호하는 경우로 나뉜다. 초기 투입 자본이 부담될 땐 조합 설립 이전 단계 사업지의 매물을 둘러보는 게 도움이 된다. 서울시의 신속통합기획 후보지 목록은 이런 성향의 투자자에게 도움이 될 만하다. 용산, 동작, 성북 등 서울 주요 지역에서 아직 저평가된 재개발 투자 대상을 발견할 수 있다.신창동·상도동, 일대 개발 호재 많아19일 서울시에 따르면 신속통합기획 방식으로 추진되고 있는 주택재개발 사업지는 총 122곳이다. 서울시는 지난달 30일 ‘제3차 주택재개발사업 후보지 선정위원회’를 열고 용산구 신창동 29의1 일대, 구로구 구로동 466 일대 등 8곳을 추가 지정했다. 주거환경 개선이 시급한 지역 중에서 지난 공모 때 선정되지 못했던 사유를 해소했거나, 주민 갈등 및 진출입로 확보 가능 여부 등을 고려해 후보지를 발표했다. 후보지로 선정된 8개 구역은 연내 신속통합기획 및 정비계획 수립용역에 착수한다. 투기 방지를 위해 권리산정기준일은 자치구청장 후보지 추천일로 지정된다. 토지거래허가구역 및 건축허가 제한을 적용받는다.신창동 29의1 일대는 입지 여건이 좋다는 평가를 받는다. 용산국제업무지구와 인접해 향후 배후 주거단지 역할을 할 것으로 기대된다. 성심여중·고교 너머로 원효로4가 71 일대 모아타운(관리계획 수립)도 추진되고 있다. 주민의 사업추진 의지가 강한 지역으로 알려져 있다. 좁은 골목길 위주로 조성돼 있어 차량으로 이동하긴 쉽지 않다. 후보지 내 한 빌라(연립·다세대) 전용면적 16㎡(대지지분 11㎡)는 지난달 21일 5억원에 거래됐다. 인근에 있는 다른 연립 전용 29㎡(대지지분 22㎡)는 지난 4월 7일 6억9000만원에 새 주인을 찾았다.동작구 상도동 201일대(상도23구역)도 주변 개발 호재가 많은 후보지다. 북쪽으로는 지역주택조합 사업인 ‘동작센트럴자이’가 2028년 1월 준공을 목표로 추진되고 있다. 2023년 11월 착공 허가를 받고, 작년 2월 첫 삽을 떴다. 서쪽에선 모아타운(상도동 242 일대)과 1차 신속통합기획(상도14구역, 정비구역 지정) 사업이 진행되고 있다. 상도초교를 중심으로 주거 환경이 대폭 개선될 것이란 분석이 나온다.뉴타운 해제 뒤 재추진된 곳도 주목기존 사업이 엎어진 뒤 신속통합기획으로 재추진에 나선 곳도 있다. 흑석동 204의 104 일대(흑석10구역)는 흑석재정비촉진지구(뉴타운)에서 해제됐다. 자연경관지구 등을 고려한 건축밀도에 대한 사전타당성 용역을 진행한 뒤 신속통합기획 후보지에 다시 이름을 올렸다. 중앙대 서울캠퍼스 및 중앙대 병원과 가까운 게 장점이다. 고구동산공원, 본동초, 동양중 등 생활 인프라도 잘 갖추고 있다. 구역 내 빌라 전용 35㎡(대지지분 23㎡)는 지난 5일 5억원에 거래됐다.성북구 삼선동1가 277 일대(삼선3구역)도 정비예정구역에서 해제됐던 후보지다. 전문가 사이에서 가격 접근성이 가장 높다는 평가가 나온다. 빌라 전용 30㎡(대지권 24㎡)는 후보지 지정 직전(지난달 28일) 3억5000만원에 새 주인을 찾았다. 전용 40㎡대 매물이 4억원 초중반 가격에 형성돼 있다. 남혁우 우리은행 WM영업전략부 부동산연구원은 “삼선3구역 인근 ‘창경궁 롯데캐슬’ 전용 84㎡ 분양가가 최고 13억9000만원에 형성됐음에도 두 자릿수 경쟁률을 보였다”며 “재개발 사업 초기 단계임을 감안하더라도 가격 접근성이 좋은 편”이라고 말했다. 다만 “일부 고도 제한을 적용받고 있는 만큼 정책 지원을 통한 사업성 개선이 필요하다”고 덧붙였다.전문가들은 사업 초기 단계인 만큼 장기적인 관점에서 투자를 결정해야 한다고 조언했다. 김제경 투미부동산컨설팅 소장은 “2021년 말 발표된 신속통합기획 1차 선정지도 이제서야 조합이 설립되거나 구역 지정을 마쳤다”며 “재개발 초기 단계 투자는 10년 이상 장기 투자 관점에서 리스크를 고려해야 한다”고 말했다."
생닭은 1000원대인데…삼계탕·치킨은 왜?,https://n.news.naver.com/mnews/article/648/0000038036,"[주간유통]생닭과 삼계탕 사이삼계탕·치킨 인건비 원가 높은 편그래픽=비즈워치[주간유통]은 한주간 유통·식음료 업계에서 있었던 주요 이슈들을 쉽고 재미있게 정리해 드리는 콘텐츠입니다. 뉴스 뒤에 숨겨져 있는 또 다른 사건들과 미처 기사로 풀어내지 못했던 다양한 이야기들을 여러분께 들려드릴 예정입니다.[편집자]복날엔 보양식올해 초복이 하루 앞으로 다가왔습니다. 한국인이라면 누구나 삼계탕을 떠올리게 되는 날이 바로 초복을 비롯한 삼복입니다. 원래 이맘때면 장마가 끝나고 무더운 날씨가 이어져야 하는데, 올해엔 늦은 장마가 찾아오면서 덥기보단 후텁지근한 복날이 될 가능성이 높아져습니다.삼복은 24절기에 속하지 않으면서도 웬만한 24절기보다 더 유명(?)하고 사람들이 잘 챙기는 날입니다. 아무래도 맛있는 보양식을 먹을 수 있는 날이기 때문일 겁니다. 먹을 것이 귀했던 옛날에야 1년에 몇 차례 안 되는 삼복 같은 날이 '고기 먹는 날'이니 잘 챙겼겠지만, 1년 365일 원한다면 언제든 고기를 먹을 수 있는 지금에도 삼복을 챙기는 걸 보면 관습이란 참 대단하단 생각도 듭니다.복날을 맞아 삼계탕을 즐기는 사람들/사진=비즈워치원래 삼복에 가장 많이 먹던 고기는 '개'였죠. 제가 어린 시절에만 해도 복날은 보신탕을 먹는 날이었습니다. 복날의 '복(伏)'자에도 사람 인과 개 견 자가 들어 있죠. 복날 보양식을 먹었다는 최초의 기록인 사기에도 개를 잡았다는 내용이 기록돼 있습니다.하지만 지금은 반려견 문화의 확산으로 보신탕집이 거의 다 사라졌죠. 아직 보신탕을 파는 집들도 보신탕만 팔기보단 삼계탕과 해신탕 등 다양한 보양식을 함께 파는 집들이 대부분입니다. 이제는 복날이라고 보신탕을 찾는 사람은 거의 없습니다. 그 자리는 삼계탕이 완전히 대체했죠. 젊은 층에서는 삼계탕이나 치킨이나 어차피 '닭'이라며 치킨을 먹는 경우도 많습니다.비싸다 비싸이렇게 복날 대표 음식의 위치를 차지한 '닭'은 커피만큼이나 '원가 논란'을 달고 사는 원재료입니다. 지난 대선 기간 동안 이재명 대통령(당시 대선후보)이 ""커피 한 잔에 8000~1만원 받을 수 있는데, 알아보니 원가가 120원이더라""라는 말을 해서 논란이 된 적이 있죠? '커피 원가 50원'이라는 꽤 오랜 논쟁이 재생산된 겁니다.닭도 만만치 않습니다. 치킨 가격이 인상될 때마다, 전국 삼계탕 평균 가격이 공개될 때마다 늘 논란의 중심이 됩니다. 생닭 한 마리는 가격이 싼데, 이 싼 닭으로 만든 삼계탕이나 치킨은 왜 이렇게 비싸냐는 거죠.이마트의 초복 행사에서 생닭을 구매하는 소비자들/사진제공=이마트소비자로서는 그런 마음이 들 만도 합니다. 초복을 앞두고 이마트는 '영계 2마리 세트'를 3580원에 판매합니다. 마리당 1790원입니다. 롯데마트는 냉동 영계 1마리를 1590원에 팝니다. 반면 비슷한 사이즈의 닭을 사용하는 삼계탕 가격은 간편식(HMR)이어도 1만원, 외식을 하면 1만7000~2만원에 달합니다.치킨도 비슷합니다. 축산물품질평가원에 따르면 지난 1일 기준 닭고기 평균 소매가격은 1㎏당 5764원입니다. 도매 가격은 3966원입니다. 닭 한 마리에 4000원이 조금 안 됩니다. 그런데 프랜차이즈 치킨 가격은 2만원을 넘어 3만원에 가까워지고 있죠. 물론 대형마트의 닭 가격이야 '미끼상품' 역할을 위해 더 싸게 내놓은 거긴 하지만 그래도 소비자 입장에선 '원가 생각'이 안 날 수가 없습니다.답답하면 내가 만들…긴 어렵네그런데 또 기업들의 이야기를 들어 보면 이해가 안 가는 건 아닙니다. 자신들이 폭리를 취하려고 작정을 해서 가격이 이렇게 뛴 건 아니라는 건데요. 만약 그랬다면 '치킨집 열었다'가 지금처럼 '퇴사하고 할 수 있는 일이 없어서'라는 뉘앙스를 갖진 않았겠죠.일단 삼계탕 이야기를 해 볼까요. 다른 국·탕·찌개들에 비해 원가율이 높은 편입니다. 닭 한 마리가 통째로 들어가야 하는 '구성의 문제' 때문입니다. 다른 탕류는 원재료를 줄이거나 원산지를 바꾸는 등의 방식으로 원가를 낮출 수 있지만 삼계탕에 들어가는 4~5호 닭은 대부분 국내산입니다.한 닭 가공 공장에서 생닭을 가공하는 모습/사진=김아름 기자 armijjang@가공 공정과 관련된 인건비 문제도 있습니다. 도계한 닭에 남아 있는 털을 마저 제거하고, 배를 가르고 찹쌀과 밤, 잣 등을 욱여넣는 일은 모두 사람이 해야 하는 일입니다. 심지어 삼계탕의 상징인 '다리 꼬기'도 직접 손으로 합니다. 볶고, 끓이면 끝나는 다른 탕류와 차원이 다른 수고죠.게다가 삼계탕은 다른 국·탕·찌개류와 달리 라인을 공유하지 못합니다. 이 때문에 대부분의 간편식 삼계탕은 비비고나 청정원 같은 브랜드사가 직접 만들지 않고 삼계탕 라인을 보유한 제조사에 맡깁니다. 판매사가 직접 삼계탕 제조 라인을 보유한 건 '닭 전문'인 하림 정도입니다.인건비가 가장 큰 문제인 건 치킨도 비슷합니다. 최근엔 '로봇 튀김기'가 나오면서 자동화의 가능성을 보여주긴 했지만, 아직까지 치킨을 튀기는 일은 대부분 사람이 하고 있습니다. 지난달 저희 윤서영 기자가 [르포]튀기고 바르고…그렇게 '교촌 점주'가 된다편에서 직접 치킨을 튀기는 체험을 하고 왔는데요. 믿을 수 없을 만큼 힘들었다는 후문입니다. 여기에 배달료까지 생각해야 하죠.기자가 튀긴 닭에 직접 간장 소스를 바르고 있는 모습./사진=윤서영 기자 sy@그래도 '너무 비싸다'고 생각하신다면, 집에서 한 번 삼계탕이나 치킨을 해 보면 어떨까요. 한국물가정보가 지난 17일 공개한 삼계탕 1인분용 재료 비용은 9065원이었습니다. 여기에 재료 손질과 끓이는 데 드는 노동 시간을 1시간 30분이라고 계산하면 최저임금(1만30원) 기준 1만5045원이 추가됩니다. 벌써 2만4000원이 훌쩍 넘네요.물론 대량생산 체제와 집에서 1인분을 만드는 걸 비교할 수는 없죠. 다만 우리가 이 더운 여름날에 시원한 에어컨이 나오는 식당에 앉아, 혹은 손가락 몇 번으로 집 앞에서 배달을 받아 먹는 삼계탕이 왜 이렇게 비싼지 생각해 보는 계기가 될 수는 있을 겁니다. 어떤가요. 지금 먹는 삼계탕 한 그릇이, 조금 더 소중해지지 않으셨나요?"
나스닥 최고치에 다시 美 ETF…추가 배당 전략도 [투자의 재발견],https://n.news.naver.com/mnews/article/215/0001216824,"코스피 지수 상승으로 국내주식형 상장지수펀드(ETF)에 대한 자금 유입이 크게 늘었습니다. 현재 국내주식형 ETF 순자산 규모는 51조 3천억 원 수준으로 한달 사이 7조 5천억 원이 유입됐습니다. 같은 기간 해외주식형 ETF 자금 유입이 2조 원 수준이라는 점에서 국내 증시를 바라보는 투자자들의 시선이 달라졌음을 체감하게 합니다.월배당 커버드콜 ETF에서도 국내 상품에 대한 관심이 두드러졌습니다. 삼성자산운용의 KODEX 200타겟위클리커버드콜의 순자산은 지난 18일 기준 7,443억 원으로 집계됐습니다. 지난해 12월 상장 이후 올해 들어 누적 개인 순매수가 약 5천억 원에 달해 커버드콜 ETF 중 1위를 차지했습니다.코스피 상승에 대한 기대감은 여전합니다. 그럼에도 미국 나스닥과 S&P500 지수가 사상 최고치를 경신하면서 투자 방향성에 대한 투자자들의 고민은 깊어집니다. 18일 <투자의 재발견>에서는 김도형 삼성자산운용 ETF컨설팅 본부장과 김선화 ETF운용2팀장이 출연해 최신 ETF 투자 동향을 살펴봅니다.● 장기 투자는 역시 美 ETF김도형 본부장은 올해 상반기에도 S&P500과 나스닥100 투자가 가장 많았다고 말합니다. 지난 1993년 1월 상장한 최초 S&P500 ETF 미국 SPY의 33년간의 연평균 수익률은 10.5%입니다. 장기 수익률에 대한 믿음으로 안정적 투자가 이어지고 있다는 진단입니다.김 본부장은 ""미국 주식 ETF는 특히, 장기 투자 목적의 연금 계좌에서 꾸준한 유입세가 나타났다""며 ""일반 계좌나 ISA 계좌에서는 국내 주식 투자로의 귀환이 확인됐으나, 장기 투자 목적 그리고 과세 이연과 저율 과세 효과가 있는 연금 계좌의 경우 미국 대표지수 투자가 이어졌다""고 분석했습니다.김선화 팀장은 ""삼성증권의 ETF 연금 모으기 데이터를 보면, 10대부터 60대 이상까지 전연령층에서 S&P500이나 나스닥100 지수 추종 ETF가 1, 2, 3위를 모두 차지했다""며 ""공통적으로 미국 배당주식과 국내 고배당주, 코스피 200 추종 ETF들이 모두 상위권에 포함되었다""고 말했습니다.● 바뀌는 세법…추가 분배금 노릴수도지난 1월 기획재정부의 소득세법 시행령 개정안에 따라 이번달부터 이자와 배당을 재투자하는 총수익지수(TR) 방식의 ETF는 금지됩니다. 국내주식형 ETF를 제외한 해외주식형, 채권·금리형 ETF는 연 1회 이상 분배가 의무화됩니다. 이에 따라 과거 TR 방식을 취했던 미국 ETF 상품들은 유보했던 분배금도 지급해야 합니다.지난 5월 삼성자산운용은 KODEX 미국S&P500과 KODEX 미국나스닥100 2종의 ETF 분배금 지급 방식을 분기 배당방식으로 전환했습니다. 그러면서 이달부터 2029년 1월까지 15회에 걸쳐 분배금을 추가 지급하겠다고 밝혔습니다. 김선화 팀장은 ""추가 분배금은 매분기 S&P500 ETF가 지급 분기의 기준가격(NAV)의 약 0.27%, 미국나스닥100 ETF는 0.14% 수준이 될 것""이라며 ""7월말 기준 분배금은 분배락일 전인 29일까지 ETF를 매수해야 8월 4일에 지급받을 수 있다""고 말했습니다.코스피가 숨고르기에 들어간 사이 미국 주요 지수는 나스닥이 닷새째 사상 최고치를 연이어 경신하는 등 강세를 보이고 있습니다. 미국 ETF 투자에서 관세 불확실성은 여전히 존재합니다. 김도형 본부장은 ""금리 인하 시점이 불투명한데 채권 금리 상승과 달러 강세 여파도 있어 당분간 변동성 국면""이라면서도 ""하반기로 갈수록 불확실성이 해소되며 인공지능(AI) 관련 빅테크 기업의 실적 호조로 상승장이 예상된다""고 말했습니다.※ 한국경제TV는 급변하는 투자환경 속 신뢰할 수 있는 정보와 인사이트가 가득한 고품격 투자 콘텐츠, <투자의 재발견>을 매주 금요일 오후 5시 방송합니다. 전체 내용은 한국경제TV <투자의 재발견> 영상에서 확인할 수 있습니다."
"“엄마, 너무 힘들어” 집 때문에 서울 떠난 청년 2년간 10만명, 어디로 갔나 [부동산360]",https://n.news.naver.com/mnews/article/016/0002501951,"경기·인천 등으로 이사 가는 청년들청년안심주택도 폭발적 수요 못따라가장기전세·월세지원 등 지자체는 안간힘서울 성북구 고려대학교 인근 원룸촌의 모습. [연합]서울살이가 꿈이었으니 오긴 왔죠.원룸살이 5년 하니 ‘현타(현실 자각타임)’가 오더라고요.고향 친구들은 차 사고 집도 늘려가는데 저는 늘 제자리걸음이었어요.비싼 돈 내고 비참하게 살고 싶지 않아서 내려갈 준비를 하고 있어요.경남 출신 서울 거주 직장인 김모(28)씨[헤럴드경제=김희량 기자]9만9395명.지난 2년간(서울시 청년통계, 2022~2023년 기준) 서울을 떠난 젊은이들의 숫자다. 경남 밀양과 같은지방 도시 하나와 맞먹는 인구가 수도 밖으로 삶의 터전을 옮겼다.서울은 20대들이 가장 많이 이사 오지만 30대들이 가장 많이 떠나가는 도시다. 20대의 순유입율이 2.8%로 전국에서 가장 높다. 학업, 일자리, 꿈을 위해 수많은 젊은이들이 ‘인서울(서울 진입)’을 꿈꾼다.그러나 뿌리 내리긴 어렵다.통계청의 ‘2024년 국내인구이동통계’에 따르면 지난해 서울에서가장 순유출이 많은 연령대는 30대(-2만6224명)로 전체(-4만5692명)의 58%를 차지했다. 이 비중은 30대의 순유출이 전체의 44% 수준이었던 2014년에 비해서 증가한 것이다.이들이 서울을 떠나는 주된 이유는 ‘주택’, 다시 말해 높은 집값 때문이다. 서울시 청년통계에 따르면 35~39세 청년들의 전출 사유 1위는 주택(31.7%)이었다. 서울은 ‘경유지’일 뿐 정착지가 되지 못하고 있다..KB부동산에 따르면 지난해 말 기준 서울의 소득 대비 주택가격비율(PIR)은 11.3(8억6000만원 기준)이었다. 주택을 사려면 월급을 한 푼도 쓰지 않고 11년 3개월 모아야 한다는 의미다. 과거에도 ‘서울 내 내집마련’은 쉽지 않았지만 문제는 더 어려워지고 있다는 점이다.10년 전인 2024년 말(PIR 8, 3억8000만원)과 비교하면 필요한 시간은 3년 3개월이 늘고 주택가격은 2배가 넘게 비싸졌다.나빠진 주거 여건…청년은 ‘삶의 질’ 선택필요한 자금은 더 많아졌지만 주거의 질은 악화됐다. 2016년부터 2022년 사이 청년 거주 주택 중 아파트가 차지하는 비중(서울시 청년통계)은 29%에서 26%로 감소한 반면 고시원, 오피스텔 같은 비주택 거주 비중은 11%에서 18%로 늘어났다.서울의 집값은 서울에서 나고 자란 청년들까지 밀어낼 정도다.전 서울 토박이에요.독립 후 40년된 노원구 주택에서 보증금 1000만원에 월세 50만원 주고 살았죠.세를 올리길래 이사 가려니까 다른 동네 원룸 월세가 80만원이더라고요.떠밀리듯 인천으로 왔어요.여긴 복층빌라에요, 사람 사는 집에서 지내는 기분이 듭니다.인천으로 이사 간 前서울시민 김모씨(35)그렇다면 서울을 떠난 청년들은 어디로 갔을까.전체 연령 기준 인구이동통계에서는 지난해 서울 전출자의 61.3%가 경기, 9.5%가 인천으로 이동했다고 집계됐다. 청년 또한 경기, 인천 등 수도권으로 밀려나갔다고 보는 시각이 많다.저출생 여파로 전국적으로 인구가 감소하는 가운데경기도의 청년 인구 감소 폭이 서울보다 훨씬 작았다는 점은 이 흐름을 뒷받침한다.지난 10년, 경기 대비 6배 넘게 사라진 서울 청년인구지난 2014~2024년 사이 주민등록상 서울의 청년인구는 13%(317만→275만) 줄었는데 이는 같은 기간 경기도는 2%(360만명→353만명) 감소하는데 그쳤다.서울을 떠난 청년층이 상대적으로 주거 여건이 나은 경기권에 정착했음을 짐작할 수 있는 대목이다.실제로 서울 거주 청년이 경기도로 나갈 경우 있는 주거의 질은 눈에 띄게 개선된다. 실제 직방에 올라온 매물을 보면 이 같은 현실을 확인할 수 있다. 서울 송파구 석촌동의 전용 28㎡ 원룸은 전세 가격이 1억9500만원이다. 비슷한 가격으로 인천 부평구 청전동에서는 면적이 2배 수준인 거실 있는 전용57㎡의 투룸 빌라에서 살 수 있다.다만 ‘주택’을 이유로 서울을 떠난 절대 인구 수는 2016년 7만7271명에서 2023년 4만8867명 수준으로 감소했다.김효선 NH농협은행 부동산전문 수석위원은 “ 수도권으로 인구유출이 늘어나기에 서울의 절대 인구 자체가 감소하고 있다는 점을 고려해 해석해야 한다”면서 “중장년층보다 경기, 인천에 터를 잡는 청년들이 많아지고 있고 감당할 수 있는 주택을 찾아 경기 등 외곽으로 밀려나는 것은 더 보편화됐다”고 설명했다.청년들의 ‘서울 탈출’이 심화하자 서울시 또한 월세 및 전세대출 이자지원과 같은 금융지원과 공공임대 확대 등의 대책 마련에 힘쓰고 있다. 지속적인 청년 인구 감소는 이미 전국 최하위 수준인(0.58)인 출산율과 더해져 도시의 활력을 약화시키기 때문이다.지난해 인구이동 통계에서는 30대 이상의 모든 연령층이 서울을 떠나는 흐름이 확인됐다. 이는청년 인구 유출이 일시적인 현상이 아니며 빠져나간 인구가 다시 돌아올 가능성도 크지 않다는 것을 뜻한다.서울 내 공공임대주택에 대해 안내하는 유튜브 채널인 ‘아영이네 행복주택’. 구독자 수가 60만명에 달한다. 공공임대 주택에 대한 인기로 적지 않은 영상이 100만뷰를 넘는다. [해당 유튜브 채널 캡처].이에 서울시는 청년안심주택을 비롯해 장기전세 등 주택 공급을 늘리는 것을 지상과제로 삼고 있다.짓고 지어도 치솟는 청년주택 경쟁률…집값이 만든 악순환서울시는 2020년부터 올해 6월 말까지 총2만5260호의 청년과 신혼부부를 위한 청년안심주택 77개 단지를 준공해 실질적인 주택 공급을 늘려왔다. 청년안심주택은 역세권 주택을 시세 대비 저렴하게 공급하는 만큼 수요가 폭발적이다.2025년 1차 모집의 평균 경쟁률은 146대1을 기록했는데 2019년 1차 23.4대 1 이후 매년 그 인기가 치솟고 있다.그러나 공급량은 이 같은 수요를 따라와주지 못하고 있다. 2026년 이후 예정된 청년안심주택 물량은 2000호 수준으로 2025년 준공이 예정된 물량(8050가구) 대비 턱없이 부족하다.서울시는 신혼부부를 위한 장기전세임대인 ‘미리내집’을 비아파트형까지 확대해 올해 3500호를 공급하고, 내년 1월 공공임대 주택 수를 늘릴 수 있는 서울주택진흥기금을 설립해 운영할 예정이다.주거부담을 완화하고자 서울시는 올해부터는 자녀가 있는 무주택 가구에 2년 간 최대 720만원의 월세를 지원하는 정책도 시작한다.전문가는 이 같은 현상은 서울 내 30대가 감당 가능한 주택이 부족한 것에 따른 예견된 결과라고 말한다. 권대중 서강대 일반대학원 부동산학과 교수는 “매매 여력이 닿는 수도권 및 신도시 주택을 분양받고 이동하는 청년인구가 많다”면서 “서울 내 주택공급 물량이 부족한 현실이 개선되지 않으면 이 악순환은 멈추지 못할 것”이라고 지적했다."
리걸테크 유니콘 나오나…'로톡' 로앤컴퍼니 500억 몰린 비결은,https://n.news.naver.com/mnews/article/008/0005223935,"[이주의 핫딜] 로앤컴퍼니 시리즈C-2 투자 유치[이 기사에 나온 스타트업에 대한 보다 다양한 기업정보는 유니콘팩토리 빅데이터 플랫폼 '데이터랩'에서 볼 수 있습니다.]리걸테크 스타트업로앤컴퍼니가 시리즈C-2 라운드에서 500억원의 투자를 유치했다. 이는 법률 서비스 관련 스타트업의 단일 라운드 기준으로 가장 많은 금액이다. 이로써 리걸테크 업계에 기업가치 1조원이 넘는 스타트업을 일컫는 '유니콘'이 나올 가능성도 거론된다.이번 투자에는 IMM인베스트먼트·대성창업투자·신한벤처투자·KDB산업은행 등이 신규 투자자로 참여했다. 스마일게이트인베스트먼트·프리미어파트너스·쿨리지코너인베스트먼트·제이더블유앤파트너스 등 기존 투자자도 후속 투자했다.에이티넘인베스트먼트와 DSC인베스트먼트, SBVA는 초기 투자한 VC(벤처캐피탈)들이 보유했던 100억원 이상의 주식을 인수하며 투자에 참여했다. 윤건수 DSC인베스트먼트 대표는 ""투자 시장이 얼어붙은 만큼 (규모가) 큰 곳에 투자가 몰릴 것""이라며 투자 배경을 밝혔다.━법조계도 'AI' 대세…젊은 변호사 중심 빠르게 확산━로앤컴퍼니는 변호사 상담을 주선하는 플랫폼 '로톡'과 판례검색 서비스 '빅케이스', 거대언어모델(LLM)을 통해 판례와 사례를 검색할 수 있는 '슈퍼로이어' 등을 운영하고 있다. 그중 법조인 사이에 가장 이목을 끈 서비스는 슈퍼로이어다. 클로드·제미나이·챗GPT 등 복수의 상용 LLM으로 구현된 SaaS(서비스형 소프트웨어)다.슈퍼로이어는 제14회 대한민국 변호사시험 선택형 문항에서 합격자 상위 5%에 해당하는 정답수 123문항을 기록하며 합격선인 96문항을 크게 뛰어넘기도 했다.법조계에 따르면 이 같은 리걸테크 서비스는 재판을 위한 사례와 이론 검색에 써야 하는 시간을 대폭 줄여준다. 때문에 젊은 변호사를 중심으로 빠르게 확산하는 데다 대표변호사들 사이에서도 효율적 인력활용이 가능해 좋은 평가를 받고 있다.한 법무법인 대표 변호사는 ""이제 어쏘(신입 변호사)를 여러 명 뽑기보다 경험 많고 능력있는 변호사를 채용하는 편이 효율적""이라고 설명했다. 다른 파트너 변호사는 ""(슈퍼로이어가) 완벽하지는 않지만 서면을 모두 써온다""며 ""검증과정을 감안하더라도 사례를 찾는 시간이 크게 줄었다""고 말했다.이에 로앤컴퍼니 실적도 빠르게 성장하고 있다. 머니투데이 유니콘팩토리의 스타트업 데이터베이스 '데이터랩'에 따르면 로앤컴퍼니 매출은 2022년 29억원에서 2023년 58억원, 지난해 94억원으로 늘었다. 지난해까지 초기비용 탓에 영업적자를 기록 중이지만 회사에 따르면 올해 1분기부터 흑자전환에 성공했다.━목표는 '유니콘'…현재 기업가치 '2000억원' 수준 전망━회사 측은 이번 투자 유치에서 기업가치를 얼마나 인정받았는지 공개하지 않았다. 단 이 회사의 RCPS(상환전환우선주) 등 신주 발행 내역 등을 고려하면 이번 라운드에서 최대 2000억원 수준의 기업가치를 인정받은 것으로 보인다.100억원 가량의 구주 거래를 제외한 신규 투자유치 금액은 최대 400억원 수준이다. 로앤컴퍼니가 올들어 발행한 주식은 38만여주다. 이를 고려하면 주당 10만5231원이고, 이를 기업가치로 환산하면 2000억원 가량으로 볼 수 있다. 실제 기업가치가 이보다 낮을 가능성도 있다.그럼에도 업계에선 로앤컴퍼니가 성장성을 확인하고 있는 만큼 유니콘 반열에 오를 가능성도 조심스럽게 내다보고 있다. 로앤컴퍼니도 투자유치 사실을 공개하며 이 같은 기대를 숨기지 않았다.윤건수 DSC인베스트먼트 대표는 로앤컴퍼니가 리걸테크 업계를 선도하는 리딩 기업으로 투자가치가 있다고 봤다. 그는 ""AI는 이제 대세""라며 ""쓰는 사람과 쓰지 않는 사람 사이에 생산성 차이가 분명할 것""이라고 말했다. 다만 벤처투자 환경에 대해서는 ""투자유치를 위한 준비기간이 길어지고, 당분간은 양극화 현상이 심해질 것""이라고 덧붙였다.[머니투데이 스타트업 미디어 플랫폼유니콘팩토리]"
젊은 공무원은 ‘워라밸’ 고참은 ‘처우’ 찾아 떠난다…경쟁률도 뚝,https://n.news.naver.com/mnews/article/025/0003456211,"정부세종청사로 출근하는 공무원들. 연합뉴스#올해 3월 4급(서기관)으로 승진한 기획재정부 A팀장은 쿠팡으로 이직하기 위해 최근 퇴직했다. 최근 고용노동부·공정거래위원회에서 5급(사무관) 이상 공무원이 줄줄이 쿠팡으로 이직하면서, 관가에서는 “부족한 봉급과 높은 업무 강도를 넘어설 공무원으로서의 자부심이 이전 같지 않다”는 이야기가 나오고 있다.#B부처 김모(33) 사무관은 법학전문대학원(로스쿨) 진학을 위해 사직서 제출을 진지하게 고민 중이다. 김 사무관은 “부처 내부부터 대통령실까지 계속되는 보고, 이를 위한 출장, 잦은 야근에 몸과 마음이 지쳤다”며 “또래 공무원들이 로스쿨에 가서 경력을 살리는 모습을 보고 흔들렸다”고 말했다.20·30대 공무원, 중견 관리자 공무원, 고위 공무원 할 것 없이 ‘탈(脫)공직’이 늘고 있다. 공직에 들어가려는 청년들의 경쟁률은 해마다 내려가는 중이다. 전문성 있는 인재의 공직사회 기피 현상을 막기 위해서는 성과 위주의 보상과 경직적 조직문화 해소가 필수적이라는 지적이 나오고 있다.19일 행정안전부에 따르면 최근 치러진 2025년도 지방공무원 9급 공채·경채 필기시험 평균 경쟁률은 지난해보다 하락한 8.8대 1을 기록했다. 모집 인원(1만3596명)은 지난해보다 1289명 늘었지만, 지원자(11만9066명)는 9268명 줄었기 때문이다. 지방직 9급 경쟁률은 2023년(10.3대 1)부터 내리 하락해 2022년(9.1대 1) 이후 가장 낮은 수준을 찍었다.정근영 디자이너경쟁률 하락은 청년에게 공무원이란 직업의 인기가 예전만 못하기 때문이다. 통계청 사회조사에 따르면 청년(13~34세)이 선호하는 직장 1위는 대기업(27.4%·2023년 기준), 2위는 공기업(18.2%), 3위가 국가기관(16.2%)이었다. 10년 전인 2013년만 해도 국가기관(28.6%)을 선호하는 청년이 가장 많았고, 대기업(21%)은 두 번째였다.공무원 인기 하락의 이유는 젊은 공무원이 공직사회를 떠나는 이유와 맞닿아 있다. 저연차 공무원은 ‘워라밸(일과 삶의 균형)’ 부족과 수직적인 조직문화를 이탈의 최대 이유로 꼽는다. 서울시 소속 C주무관(32)은 “지역 행사 일정이나 재난·사고 발생에 따라 갑작스럽게 초과근무해야 하는 경우가 점점 많아지는 것 같다”고 전했다. 실제 인사혁신처 조사에 따르면 전체 공무원 중 정시에 퇴근하는 사람은 22.7%에 불과했고, 23.2%가 하루 평균 약 1시간 이내, 22.9%가 1시간 초과 2시간 이내의 초과근무를 했다(2023년 5~7월 기준, 평균 1일 초과근무 시간). 약 4시간 이상 초과근무하는 사람도 10.7% 있었다.저연차 공무원이 직장 내 갑질을 겪는 경우도 흔했다. 한 청 단위 기관에서 관리자가 아닌 6급 이하 공무원 1027명을 대상으로 설문 조사한 결과 갑질을 경험한 사람은 59.2%에 달했다. 이 중에는 상사로부터 비인격적인 대우를 받거나(45.4%), 부당한 인사(39.3%), 업무상 불이익(35%)을 받은 사람이 많았다.중견급 공무원으로 넘어갈수록 또래 직장인과 벌어지는 처우에 대한 불만이 크다. 민간 임금 대비 공무원의 보수 수준은 83.1%(민간 임금을 100으로 봤을 때, 2023년 기준)로 역대 최저 수준이다. 민간 대비 공무원 보수 수준은 지난 2020년 90.5%까지 올랐다가 2021년부터 다시 하락했다. 민간 기업의 중견급 공무원에 대한 수요도 있다. 정부 관계자는 “최근 고액 연봉을 주는 여러 기업에서 서기관 이상 공무원에 대한 추천 요청이 들어오고 있다고 들었다”고 했다.실제 한국행정연구원이 지난해 공무원 6075명을 대상으로 설문한 결과 6~10년차와 8~9급의 이직 의향이 가장 높았는데, 이직 의향이 있는 공무원 가운데 66%가 ‘낮은 보수’를 이유로 꼽았다. 전체 공무원의 이직 의향은 2017년 이후 7년째 계속 상승한 것으로 나타났다.김경진 기자고위공무원은 정부가 바뀔 때 인적 쇄신이라는 이유로 대대적인 교체를 겪기도 한다. 고위공무원(국가직·일반직)의 의원면직·명예퇴직은 박근혜 정부 임기 중 연 169~183명이었다가 문재인 정부가 출범한 해인 2017년 195명으로 증가했다. 이듬해부터 다시 148~188명 수준에 머무르다 윤석열 정부가 출범한 2022년 204명으로 급증했다.전문가는 공무원에 대한 처우와 조직문화가 민간과 크게 괴리되지 않는지 점검할 때라고 조언한다. 이제경 충남대 행정학부 교수는 “다른 국가도 공공부문보다 민간부문의 처우가 좋지만, 한국은 유독 차이가 크다”며 “공직사회의 경쟁력 유지를 위해 공무원이 성과와 노력을 중심으로 보상받을 수 있도록 하는 체계를 마련해야 한다”고 말했다. 이 교수는 “공직에 인재가 몰릴수록 편익이 국민에게 간다는 인식으로 정책을 개선해야 할 것”이라고 했다."
"대지진 확률 높다는데…일본, 16년만에 원자력발전소 신설 추진한다",https://n.news.naver.com/mnews/article/009/0005527622,"간사이전력 원전 건설 방안 검토동일본대지진 이후 첫 신설 추진후쿠이현 미하마 원전 부지 활용다음 주쯤 조사 시작 발표 계획日 2040년까지 원전 비율 20% 목표현재 가동중인 원전의 두배 필요해일본 후쿠이현 미하마초에 있는 간사이 전력 미하마 원자력발전소에 불이 밝혀진 모습.  [사진출처 = 블룸버그]일본에서 2011년 3월 동일본 대지진과 후쿠시마 제1원자력발전소 사고 이후 처음으로 원전 신설이 추진된다. 앞서 모리 노조무 간사이전력 사장은 원전 신·증설과 관련해 “검토를 시작해야 할 시기가 왔다”고 강조해 온 바 있다.19일 아사히신문과 니혼게이자이신문 등 일본 언론에 따르면 일본 간사이전력은 혼슈 중서부 후쿠이현 미하마 원전 부지에 원전을 건설하는 방안을 검토할 방침이다. 간사이전력은 이르면 다음 주쯤 후쿠이현 지자체에 이 같은 구상을 설명하고, 원전 신설을 위한 조사를 시작한다고 발표할 계획이다.간사이전력은 동일본 대지진 직전인 2010년 노후화한 미하마 원전 1호기를 대체할 원전을 짓는 방안을 추진했지만 후쿠시마 제1원전 사고로 중단한 상태다. 현재 미하마 원전 1∼2호기는 폐기가 결정됐고, 지금은 3호기만 가동되고 있다.간사이전력은 후쿠이현에서만 원전 7기를 가동하고 있으나, 그중 5기는 운전을 개시한 지 40년이 넘었다. 또 2040년에는 일본 원전 15기의 사용기간이 50년을 넘는다.일본에서 원전은 60년 이상 가동하는 것이 가능하다. 하지만 신설에는 20년가량 걸려 간사이전력은 원전 공백을 최소화하기 위해 빠른 시일 내에 새 원전 건설에 착수하려는 것으로 분석되고 있다.아사히신문은 “미하마 원전 주변 지질과 지형 조사를 재개하는 것이 논의되고 있다”면서도 원점에서 관련 사업을 재검토할 수 있다고 전했다.동일본 대지진과 후쿠시마 제1원자력발전소 사고 이후 일본은 원전 의존도를 낮춰왔다. 하지만 올해 기조를 바꿨고 향후 원전을 최대한 활용하기로 한 상태다.일본 정부는 전력 구성에서 원전이 차지하는 비율을 기존 8.5%에서 2040년에는 20%로 올리기로 했는데, 이 목표를 달성하기 위해서는 현재 가동 중인 원전의 두배 이상이 필요하다. 대신 화력발전소는 현재 70%에서 30~40%로 낮춘다.니혼게이자이신문은 “일본에서 마지막으로 건설된 원전은 2009년에 가동된 홋카이도전력의 도마리 원전 3호기”라며 “정부가 탈탄소 목표 달성에 필요하다고 규정한 원전 활용이 시작된다”고 해설했다.이뿐만이 아니다. 원전 증설을 위해 일본은 기존 원전 부지에 차세대형 원자로 건설을 추진한다는 방침도 정한 상태다.간사이전력 관계자는 “대지진 직후와 비교하면 원자력의 가치를 인정하는 사람이 증가했다”며 “우리가 처한 환경이 달라졌다”고 말했다.하지만 일본의 원자력 발전소 신설에 대한 우려도 커지고 있다. 지진 때문이다.최근 일본에서는 이례적인 지진 활동이 이어지며 불안감이 커지고 있고, 큐슈 가고시마현 도카라 열도에서는 진도 1 이상의 지진이 2100회 이상이나 발생해 주만들 마저 대피에 나선 바 있다.지난 4월에는 일본 정부가 향수 30년안에 ‘난카이 해곡’에서 규모 8.0~9.0의 대지진이 일어날 가능성이 80%라고 발표하기도 했다. 난카이 해곡에서는 100∼150년 주기로 규모 8.0 이상의 대지진이 주기적으로 발생해 왔기 때문이다. 만약 규모 9.0의 난카이 대지진이 일어난다면 한반도가 위아래로 30cm나 움직일 정도로 엄청난 위력이라는 예상도 나온다.일본은 난카이 대지진이 일어날 경우 동일본 대지진의 17배가 넘는 약 32만3000명이 사망할 것으로 예상하고, 경제 피해 또한 1410조엔에 달알 것이라는 전망도 내놓은 바 있다."
'폐업 100만 시대' 문닫은 카페 사장님 세금폭탄 맞은 사연[세상만사],https://n.news.naver.com/mnews/article/018/0006068964,"가게 문 닫자 날아든 세금 고지서 ‘폐업 부가가치세’처분하지 못한 가게 비품, 세금 혜택 토해내야폐업한 다음해 5월 종합소득세 납부 잊지 말아야회사 청산해도 회수한 투자금에 소득세 부과이데일리는 한국세무사회와 함께 국민들의 세금 상식을 넓히기 위한 기획 시리즈를 연재합니다. ‘세금 상식, 만가지 사연’을 다룰 <세상만사>에서는 현직 세무사들이 직접 접한 실제 사례를 통해 절세 비법을 전수합니다.[최희유 청아세무회계 대표 세무사]‘폐업 100만 시대’다. 국세청에 따르면, 2024년에만 개인과 법인을 합쳐 무려 100만 8000곳이 넘는 사업장이 문을 닫았다고 한다. 사상 최대다. 특히 그 칼바람은 우리 주변에서 흔히 볼 수 있는 소매업과 음식점업에 매섭게 몰아쳤다.최근 만난 P사장님도 폐업 100만 시대 희생자중 한명이다. 3년간 애지중지 키워온 작은 카페 문을 닫기로 결심한 그의 얼굴에는 씁쓸함이 가득했다. 권리금도 포기한 채 가게를 정리하고, 남은 커피 머신과 테이블을 중고로 팔면서 “이제 정말 끝났구나”라고 생각했다고 한다.하지만 그의 안도감은 오래가지 못했다. 몇 달 뒤, 세무서로부터 생각지도 못한 ‘세금 고지서’ 한 통이 날아왔기 때문이다.“아니, 가게도 없어지고 매출도 없는데 세금을 내라니요? 그것도 이렇게 많이요?”P사장님을 절망시킨 세금의 정체는, ‘폐업 부가가치세’다.가게 문 닫자 날아든 세금 폭탄 ‘폐업 무가가치세’P사장님은 가게 문을 닫으면 모든 세금 신고도 끝나는 줄 알았다. 하지만 나는 그에게 가장 급하고 무서운 현실을 알려줘야 했다. 바로 ‘폐업 부가가치세’다. 폐업 부가가치세 신고는 폐업일이 속한 달의 다음 달 25일까지 반드시 마쳐야 한다. 이 기한을 놓치면 무거운 벌금이 추가된다.더 큰 문제는 처분하지 못한 커피 머신이나 테이블 같은 비품, 그리고 팔지 못한 원두 같은 재고, 즉 ‘폐업 시 잔존재화’다. 우리 세법은 이 남은 물건들을 사장님 자신에게 모두 판 것으로 본다. 국세청은 과거에 이 물건들을 사면서 받았던 세금 혜택을 다시 내놓으라고 요구한다.결국 P사장님은 중고로도 처분하지 못한 물건들에 대한 부가가치세를 한 번에 내야 했다.이것이 폐업하는 사장님들이 세금문제로 가장 먼저, 그리고 가장 크게 좌절하는 지점이다. 폐업을 결심했다면, 구청이나 세무서에 폐업 신고 도장을 찍기 전에 미리 부가가치세 문제를 대비해야 한다. 남은 재고를 어떻게, 얼마에 처분할지 계획을 세우는 것이 폐업시 발생하는 세금을 줄이는 가장 중요한 첫걸음이다.폐업해도 종합소득세 신고는 해야P사장님의 문제는 여기서 끝나지 않았다. 그를 더 막막하게 만든 것은 내년에 또 세금 신고를 해야 한다는 사실이었다. 올해 1월 1일부터 그가 폐업한 6월까지 벌어들인 소득에 대한 ‘종합소득세’ 신고를, 폐업한 다음 해 5월에 해야 한다. 많은 분들이 이 사실을 잊고 있다가, 나중에 가산세까지 더해진 세금 폭탄을 맞고 후회한다.만약 P사장님이 개인이 아니라 법인 사업자였다면, 문제는 훨씬 더 복잡해진다. 법인은 단순히 문을 닫는 ‘폐업’이 끝이 아니라, 회사를 완전히 소멸시키는 ‘청산’이라는 복잡한 과정을 거쳐야 한다.이 과정에서 남은 재산을 주주들이 나눠 갖게 되는데, 처음 투자한 돈보다 더 많은 돈을 가져가게 되면 그 차액에 대해 ‘소득세’를 또 내야 한다. 회사가 망해 문을 닫았는데 소득세를 내라니, 사장님들이 두번 상처 받는 이유다.P사장님은 “가게 문 닫는 것도 서러운데, 나라가 세금으로 확인 사살을 하네요”라며 고개를 떨구었다.폐업 후 ‘세금 폭탄’을 피하기 위한 체크리스트△ 폐업 신고 직전, 재고는 ‘0’에 가깝게가게에 남은 물건이 많을수록 부가세 부담이 커진다. 폐업을 결심했다면, 신고 전에 원가 이하로라도 최대한 재고를 처분하는 것이 현명하다.△ 폐업 다음 해 5월, ‘종합소득세 신고’ 알람 설정폐업했다고 세금 납부는 끝난 게 아니다. 휴대폰 캘린더에 ‘종합소득세 신고’를 반드시 저장해두자.△ 법인이라면 ‘청산’까지 생각폐업과 청산은 다르다. 법인 대표라면 폐업을 결정하는 순간, 청산 절차와 세금 문제까지 함께 상담받아야 한다.△ 모든 서류는 최소 5년간 보관폐업 관련 서류를 바로 버리면 안 된다. 나중에 발생할 수 있는 문제에 대비해 최소 5년간은 안전하게 보관해야 한다.최희유 청아세무회계 대표 세무사, 한국세무사회 미디어 홍보위원 간사, 인천경제자유구역 홍보위원, 인천아트페어 자문위원, 유튜브 ‘최희유의 세금살롱’운영"
“팥빙수일 뿐인데 왜 이렇게 난리야?”… 입소문이 만든 ‘알바의 눈물’ 한 컵 [동아리],https://n.news.naver.com/mnews/article/020/0003649046,"‘동아닷컴 리뷰(동아리)’는 직접 체험한 경험을 생생하게 전달합니다. 제품·공간·문화·예술 등 주변 모든 것을 다룹니다.메가MGC커피 컵빙수. 메가MGC커피 제공“여기도 지금 빙수 주문 안되는데요”요즘 카페 입구 주문 키오스크 앞에서 흔히 들을 수 있는 말이다. 메가MGC커피 ‘팥빙젤라또 파르페’를 중심으로 주요 프랜차이즈 카페들이 출시한 ‘컵빙수’가 여름철 대표 메뉴로 떠오르면서 벌어지는 풍경이다. 빙수전쟁이 벌어진 모습이다. 평일 오후 종각역 인근 메가MGC커피 매장 3곳을 돌았지만 모두 품절이었다.메가MGC커피에 따르면 팥빙젤라또 파르페는 지난 4월 30일 출시 이후 7월 16일까지 약 두 달 반 만에 누적 판매량 500만 개를 넘어섰다. 메가MGC커피 관계자는 “분당 45개 꼴로 판매되고 있으며 이는 기존 디저트 메뉴 중 가장 빠른 속도”라고 밝혔다. 메가MGC커피는 6월 첫째주에는 1분에 28개가 팔렸고 2주가 지난 6월 셋째주에는 분당 32개씩 판매된 것으로 집계됐다고 밝혔다. 6월 한 달 동안 판매량이 60%가량 증가한 셈이다. 단기간에 가파른 판매 증가세를 이어가며 컵빙수 시장의 판을 바꿨다는 평가다.지금도 일시품절이 속출하는 것을 보아 인기는 여전히 식지 않은 것으로 보인다. 메가MGC커피 관계자 역시 “원재료 소진이 빨라지고 있어, 현재 본사에서도 재료 생산량을 늘리고 있는 상황”이라고 말했다.메가MGC의 팥빙젤라또 파르페는 2~3인이 함께 나눠 먹던 전통 빙수를 1인용 컵 사이즈로 구현한 컵빙수다. 가격은 4400원이다. 이번에 새로 나온 형태는 아니고 작년에도 어디선가 본 적 있는 메뉴다. 특별하게 새로운 제품이 아닌데 올해 유난히 찾는 사람이 많아진 것이다.소셜미디어(SNS)에서 터졌다… 단 두 줄로 시작된 ‘눈물 마케팅’X에서 처음 화제가 된 글.이른바 메가커피 컵빙수 열풍은 지난 5월 말 SNS에서 시작됐다. 지난 5월 29일 한 유저는 소셜미디어(SNS)에 “오늘 메가커피 팥빙젤라또파르페 사먹었는데 너무너무 맛있었어요. 4400원에 이 맛이면 나는 맨날 사먹지”라는 글을 올렸다. 이 계정은 평소에도 음식점을 방문하고 리뷰하는 일반 사용자로 진정성 있는 후기성 글이었다.이 평범한 글이 하루 뒤인 5월 30일 다른 유저로부터 리트윗 되면서 화제가 되기 시작했다. 평범한 야구팬으로서의 일상을 올리던 이 유저는 “저거 정말 맛없음. 만들 때 알바생들 눈물 매우 많이 들어가서 짬. 제발 먹지 마. 정말 맛없어 최악임” 이라는 글을 남겼다. 이 재치 있는 비꼼의 한마디는 약 2만5000건 이상 리트윗되며 일명 ‘눈물의 빙수’로 회자됐다.브랜드나 광고주와 아닌 ‘진짜 사람’들의 경험이었기에 소비자들은 더욱 흥미를 가지고 자발적으로 글을 공유했다. ‘알바생 괴롭히는 눈물빙수 접했다’는 후기부터 ‘알바생에게 미안하다’고 사과를 하는 구매 인증글이 줄을 이었다. 이후 해당 글 작성자는 이후 “컴포즈가 더 맛있다”는 후속 트윗을 남기기도 했는데 이를 본 유저들 사이에서는 “메가커피 알바생이 컴포즈커피 알바생에게 폭탄 돌리기 하냐”는 의혹을 담은 재치있는 댓글이 주목을 받았다.(좌)컴포즈커피 공식 SNS계정 (우)뚜레쥬르 공식 SNS계정 캡쳐실제로 컵빙수 제조는 일반 음료 대비 공정이 복잡하다. 얼음 세팅, 젤라또 스쿱, 통팥, 떡, 시리얼, 연유 등을 순차적으로 올려야 하며 잘못 배합되면 비주얼과 식감이 무너진다고 한다. 알바생들은 “하루 60잔 넘게 만들면 팔이 후들거린다”, “이 메뉴는 진짜 체력전”이라는 후기를 커뮤니티에 올리면서 웃픈 호소로 공감대를 얻고 있다.이런 흐름은 타 브랜드들이 공식적으로 마케팅에 활용하면서 더 확산됐다. 컴포즈커피는 글이 처음 올라오고 유행 조짐을 보이자마자 공식 SNS계정을 통해 “컵빙수대란 첫차 탑승”이라는 문구와 함께 컵빙수 출시를 소개했고 뚜레쥬르도 지난달 “뚜쥬 알바생분들께 죄송합니다. 뚜쥬에도 컵빙수 팔아요”라면서 출시 소식을 알렸다. SNS의 ‘알바의 눈물’ 코드가 본사 차원의 마케팅 언어로 채택된 셈이다.메가MGC커피 측은 “5월 30일 SNS 게시물 이후 6월 들어 판매량이 급격히 증가했다“면서도 ”해당 바이럴 콘텐츠를 마케팅에 활용할 계획은 아직 없다“고 전했다.X에서 지난해 화제가 된 글.지난 2023년부터 꾸준히 수박주스를 앞세운 이디야커피도 관련 바이럴을 활용한 별도의 마케팅 계획은 없었다. 하지만 올해는 전략을 바꿔 알바몬과 협업해 ‘수박씨 바를 알바’를 공모하는 이벤트성 마케팅을 진행했다.이디야커피는 지난해 여름, 한 알바생이 매장에 부착한 문구 사진 한 장으로 주목받았다. 사진 속 문구는 “이 수박은 곧 수박주스가 됩니다. 수박 씨 바르는 기계가 있습니다. 바로 저예요.”라는 내용이었다. 이디야커피 수박주스는 이전부터 SNS에서 입소문을 타면서 꾸준히 판매량이 증가하고 있었다. 그러던 중 지난해 해당 게시물이 SNS에서 2만1000회 리트윗되고 150만 회 이상 조회되며 ‘이디야의 수박주스는 생수박을 직접 갈아 만든다’는 이미지를 소비자에게 강하게 각인시켰다. 실제로 이후 이디야의 수박주스 판매량은 전년 대비 25% 증가했다고 한다.컵빙수 기성품과 비교해보니… “가성비는 괜찮네”메가MGC커피의 팥빙 초코 젤라또 파르페와 망빙 파르페. 황소영 기자 fangso@donga.com직접 메가MGC커피의 팥빙젤라또 파르페를 먹어봤다. 공정 과정을 보니 알바생의 노고가 체감된다. 우유얼음을 넣고 팥, 떡, 아이스크림, 시리얼 등 토핑을 올린다. 무게나 개수를 정확히 측정해 넣기보다는 크게 한 숟가락을 퍼 올리는 방식이었다.굵은 빨대에 들어가는 작은 떡이 약 10개 내외로 들어 있었고 컵의 대부분이 우유가득한 얼음이라 기대했던 것보단 ‘아주 실하다’는 느낌은 아니었다. SNS 속 화려한 비주얼과도 거리가 멀었다. 사람이 제조하는 방식이다보니 제조자마다 편차가 있을 것이다.기대보다 평범한 맛에 기성품 컵빙수와 차이가 있을까 싶어 슈퍼마켓에서 컵빙수 제품을 구매했다. 구입한 제품은 완제품 컵빙수 시장에서 1위 자리를 지켜온 롯데 찰떡일품팥빙수와 해태아이스의 찐절미 빙수다. 두 제품 모두 240g, 소매점 기준 한 개당 2000원이다.메가MGC커피 팥빙젤라또 파르페는 용량 약 591ml, 중량은 500g을 넘는다. 기성품 컵빙수(약 240g)와 비교하면 2배 이상 많고 가격(4400원)을 감안해도 ‘가성비’ 기준에서 높은 평가를 받을 만하다.완제품 컵빙수. 황소영 기자 fangso@donga.com완제품 컵빙수 단면. 황소영 기자 fangso@donga.com먹어보니 맛에서도 차이가 있었다. 롯데 찰떡일품팥빙수는 팥이 달지 않으면서 짭조름한 맛이 매력적이고 해태아이스 찐절미 빙수는 콩가루 베이스의 고소한 맛이 강했다. 토핑을 보면 두 제품 모두 떡이 5~6개 들어있고 팥 양도 카페 제품의 절반 수준이다.카페 제품은 매장에서 즉석 제조되는 신선한 빙수라는 점에서 우위였다. 기성품 컵빙수는 얼음이 거칠고 예전 가정식 얼음빙수의 식감이었다. 카페 제품은 아이스크림의 유크림과 얼음이 우유·연유를 머금고 있어 식감과 풍미가 보다 부드럽고 진했다. 우유 함량 차이가 크게 작용한 것으로 보인다. 제조사 측도 이를 의식한 듯 두 제품 모두 ‘우유와 함께 먹으면 더 맛있다’는 문구를 표기해두었다. 기성품에는 시리얼이나 아이스크림 토핑도 없다.컵빙수, 혼자서 부담스럽지 않게… “빙수 가격 정상화 이끌어냈다”그럼에도 기성품 빙수의 선택도 고려해 볼 만 하다. 쉽고 간편하게 접할 수 있기 때문이다. 기성품 빙수는 유통 접근성이 뛰어나고 집으로 배송시켜 냉동실에 보관했다가 언제든 먹고싶을 때 먹을 수 있다는 점이 장점이 있다. 최저가로는 대형마트 당일배송이나 온라인몰에서는 개당 1400원에 구매할 수 있어 1회 구매 비용을 따져봤을 때 카페 제품보다 저렴하게 먹을 수도 있다.배달플랫폼에 올라와 있는 메가MGC커피 팥빙젤라또 파르페. 매장마다 가격이 다르게 설정돼 있다. 황소영 기자 fangso@donga.com반면 현재 메가커피 컵빙수 대란으로 일부 매장에서는 오픈런 현상까지 나타나고 있다. 빙수가 먹고 싶지 않더라도 맛보고 싶다면 아침에 구매를 시도해야하는 상황도 벌어진다. 또 배달앱으로도 주문할 수 있는데 매장에 따라 가격이 최대 6900원까지 올라가기도 한다. 일부 매장은 배달 주문이 불가능한 경우도 있다.이번 컵빙수 열풍은 단순히 맛 때문만은 아니다. 일반적으로 카페전문점에서 맛볼 수 있던 수준의 팥빙수지만 부담 없이 혼자 즐기기 좋은 충분한 양과 4400원이라는 가격에서부터 신드롬이 된 것이다. 얼음, 팥, 떡, 젤라또아이스크림까지 모두 갖춘 구성에 즉석 제조의 신선함, 여기에 ‘알바의 눈물’이라는 유쾌한 스토리까지 더해졌다. ‘가성비’와 감성이 함께 작동한 결과로 여름철 대표 디저트 자리를 차지했다.일각에서는 “빙수의 가격 정상화를 이끌어냈다”는 평가도 나온다. 고급 디저트로만 여겨졌던 빙수가 대중적인 가격과 포맷으로 재정의되면서 누구나 빙수를 부담스럽지 않은 가격으로 혼자서 쉽게 즐길 수 있는 시대가 왔다."
"배당소득 30조 시대…상위 0.1% ‘8억’, 하위 50% ‘1만2000원’",https://n.news.naver.com/mnews/article/243/0000081551,"총 30조2184억원 배당소득 신고""'배당소득 분리과세' 도입, 신중해야""[사진 연합뉴스][이코노미스트 송현주 기자] 국회 기획재정위원회 소속 조국혁신당 차규근 의원은 19일 국세청 자료를 근거로 이같이 밝힌 뒤 “최근 국회 일각에서 논의되는 ‘배당소득 분리과세’가 도입될 경우 최상위 자산가들에게 혜택이 집중될 수밖에 없다”고 지적했다.차 의원이 공개한 자료를 보면 가장 최근 자료인 2023년 기준으로 우리나라 국민 1746만4948명이 총 30조2184억원의 배당소득을 신고한 것으로 나타났다. 이 가운데 소득 상위 0.1%에 해당하는 1만7464명은 총 13조8842억원을 신고했다. 전체 배당소득(30조2184억 원)의 45.9%를 차지하는 규모다. 차 의원은 “배당소득이 상위 극소수 자산가들에게 집중된 것”이라고 말했다.이들 상위 0.1%의 1인당 평균 배당소득 금액은 7억9502만 원에 달했다. 반면 하위 50%에 해당하는 873만2474명의 전체 배당소득은 1063억3800만원으로 1인당 평균 1만2177원에 불과했다. 10년 전인 2014년에는 842만9712명이 총 12조3895억원의 배당소득을 신고했다. 2023년(30조2184억원)의 절반 수준이다.하지만 당시에도 상위 0.1%에 해당하는 8429명은 총 5조8796억원을 신고해 전체(12조3895억원)의 47.5%를 차지했다. 배당소득은 2배 가까이 늘었으나 최상위 자산가가 절반 정도를 차지하는 구조는 10년 전이나 지금이나 같은 것으로 볼 수 있다.차 의원은 이를 토대로 “배당소득 분리과세 도입을 신중히 검토해야 한다”고 촉구했다. 현재 국회 일각에서는 이 문제가 논의되는 것으로 알려졌다. 현행 소득세법은 연 2000만 원까지 금융소득(배당·이자)에 15.4% 세율로 원천징수한다. 하지만 2000만 원을 초과하면 금융소득종합과세 대상에 포함시켜 최고 49.5%의 누진세율을 적용한다.배당소득을 따로 떼어내 분리과세하면 그만큼 세 부담이 줄어들게 된다. 차 의원은 “박근혜 정부 당시 배당소득 증대세제 도입 효과를 분석했던 한국조세재정연구원의 연구결과를 보면 ‘실질적인 정책적 효과는 미미하고 세수 손실을 수반한 것으로 판단된다’고 지적한 바 있다”며 “(배당소득 분리과세에 따른) 실질적 수혜자 역시 ‘지분율이 높은 고소득층이나 기업의 대주주들에게 집중됐을 가능성이 매우 크다’고 명시한 바 있다”고 상기시켰다.그러면서 “배당소득 분리과세로 배당이 늘어날 것인지는 불분명하다. 반면 그 혜택이 총수 일가 등 최상위 자산가들에게 돌아갈 것은 명확하다“며 ”제도 도입에 신중할 필요가 있다”고 지적했다."
"日, 동일본대지진 후 14년 만에 원전 신설 추진",https://n.news.naver.com/mnews/article/018/0006068953,"간사이전력, 후쿠이현에 원전 신설 검토[이데일리 박종화 기자] 일본에서 2011년 동일본 대지진 이후 처음으로 원자력발전소 신규 건설을 추진한다.일본 후쿠이현 미하마 원전.(사진=연합뉴스)아사히신문은 간사이전력이 일본 후쿠이현에서 신규 원전 건설 검토 방침을 굳혔다고 19일 보도했다. 간사히전력은 이를 위해 후쿠이현 내 지방자치단체에 이 같은 계획을 설명할 방침이다.일본에서 신규 원전 건설 계획이 구체화된 건 이번이 처음이다. 일본에선 2009년 가동한 홋카이도 도마리 원전이 가동한 이후 동일본대지진과 후쿠시마 원전 사고 이후 신규 원전 건설이 중단됐다.신규 원전 건설 부지론 간사이전력이 운영 중인 미하마 원전 부지가 거론된다. 간사이전력은 2010년에도 노후한 후쿠이 미하마 원전 1호기를 대체할 신규 원전 건설을 추진했으나 동일본대지진으로 이를 빅지화했다. 현재 미하마 원전에선 1~2호기는 폐로가 결정됐고 3호기만 가동하고 있다. 아사히신문은 관계자를 인용해 간사이전력이 미하마 원전 주변 지질·지형을 조사할 것이라면서도 원점에서 이를 검토할 것이라고 전했다.일본에서 신규 원전 건설 움직임이 이는 건 기존 원전이 노후화하는 상황에서 전력 수요가 늘고 있기 때문이다. 간사이전력만 해도 후쿠이현에서 운영 중이 원전 7기 중 5기가 가동을 시작한 지 40년이 넘은 노후 원전이다. 그러나 신규 원전 건설에는 20년가량이 소요돼 속도를 내야 한다. 모리 노조무 간사이전력 사장은 그간 원전 신·증설에 대해 “검토를 시작해야 할 시기가 왔다”고 밝혀 왔다. 반면 전력 수요는 데이터센터 증설 등으로 2023~2040년 10% 넘게 늘어날 것으로 예상된다.이런 상황 탓에 일본 정부도 원전에 우호적이다. 일본 정부는 연초 발표한 제7차 에너지기본계획에서 2023년 전력 공급원에서 8.5%였던 원전 비중을 2040년까지 20%로 높이겠다는 목표를 세웠다. 간사이전력 고위관계자는 “지진 직후와 비교하면 탈탄소화에 대응하는 수단으로서 원자력의 가치를 인정하는 사람들이 늘고 있다”며 “주변 환경이 변했다”고 아사히신문에 말했다."
"올해 50% 급등 미 증시, ‘신인상’은 바로 이 회사 [오찬종의 매일뉴욕]",https://n.news.naver.com/mnews/article/009/0005527615,"오찬종의 매일뉴욕 일곱번 째 이야기최근 미국 증시 대표 지수인 S&P500 편입생들의 상승세가 무섭습니다.통상 이 지수에 편입되면 ETF 등 상품들의 자동 매수가 이어지면서 수급이 개선되죠. 이로 인해 주가가 급등하는 경우가 많아 투자자들의 관심이 단기적으로 높아집니다. 하지만 상당수는 이내 차익 실현 매물이 나오면서 진정이 되는 경우가 많습니다. 오히려 역풍을 맞아 지수에서 금방 퇴출이 되는 경우도 더러 있죠.하지만 올해 루키들을 살펴보면 상황이 다릅니다. 편입 이후 전체 지수 성장률을 월등하게 압도하는 모습을 보여주고 있습니다. 전체 S&P를 신규 종목들이 먹여 살리고 있다고 봐도 과언이 아닙니다.올해 편입생들의 공통점은 ‘디지털 플랫폼’ 기업들이라는 점입니다. 광고, 배달, 크립토 등 각 분야 플랫폼이 명예의 전당에 이름을 올렸죠. 이번 주에는 뉴욕 시장을 호령 중인 슈퍼루키 세 곳을 알려드립니다.애드-테크 강자 ‘더 트레이드 데스크’2016년 나스닥 상장을 축하하는 더 트레이드 데스크. 사진출처=나스닥이번 주 미국 디지털 광고 플랫폼 기업 더 트레이드 데스크(The Trade Desk)의 주가가 S&P500 지수 편입 발표 직후 15% 가까이 급등했습니다.14일(현지시간) 뉴욕증시 시간외거래에서 트레이드 데스크는 한때 정규장 대비 11.07달러(14.68%) 오른 86.50달러에 거래됐습니다.이날 S&P 다우존스 인디시즈(S&P Dow Jones Indices)는 트레이드 데스크가 앤시스(ANSYS)를 대체해 오는 18일부터 S&P500 지수에 편입될 예정이라고 발표했습니다. 이는 시놉시스(Synopsys)의 앤시스 인수 완료에 따른 조치입니다.S&P500 지수는 일반적으로 분기별로 구성 종목을 조정하지만, 이번처럼 인수·합병(M&A)이 완료된 경우에는 예외적으로 일정을 앞당겨 교체가 이뤄지기도 합니다.미국 캘리포니아주에 본사를 둔 트레이드 데스크는 광고주와 광고 대행사가 디지털 광고를 효과적으로 구매하고 집행할 수 있도록 지원하는 애드테크(AdTech) 기업입니다.기존엔 광고 대행사에 맡겨서 TV 방송국, 신문사, 앱 회사 등에 따로따로 광고 요청을 해야 했죠. 이 과정은 시간도 오래 걸리고, 어디에 얼마나 효과 있었는지 정확히 분석 어려웠습니다.하지만 더 트레이드 데스크를 쓸 경우 원터치로 쉽게 광고를 집행할 수 있습니다. 예컨대 “20대 남성 대상으로 유튜브·훌루·스포티파이 등에서 광고하고 싶다”고 조건을 설정하면 끝입니다. 트레이드 데스크가 이후 실시간으로 광고 매물을 검색해서 가장 효율적인 광고 지면에 자동으로 입찰을 해 주죠.온라인 광고가 대세가 되면서 트레이드 데스크의 성장도 가파릅니다. 지난 해 매출은 약 26조원 수준으로 전년대비 23% 성장했죠.미국판 배민 ‘도어대시’의 질주도어대시의  1년간 주가 상승률미국에서도 배달 서비스는 이제 국민앱으로 자리매김하고 있는데요 한국은 이미 포화 시장이지만 미국에선 아직도 성장 중인 시장으로 꼽히고 있습니다. 지난해 미국 온라인 음식 배달 서비스 시장 규모는 약 59억 2,100만 달러, 우리 돈 8조6000억원으로 추산됩니다이 거대한시장 1위 기업은 어디일까요? 익숙한 거대기업인 ‘우버(Uber)’를 떠올리시는 분들도 많을 거 같은데요. 실제로 그렇지 않습니다.미국 배달플랫폼 점유율. 자료=WSJ지난 5월 S&P500 지수에 신규 편입된 도어대시(DoorDash)는 미국 음식 배달 시장에서 절반 이상의 점유율로 1위를 차지하고 있습니다. 지난해 도어대시가 전국 배달 시장의 63%를 차지했고, 우버가 25%, 그럽허브(Grubhub)가 6%를 차지하고 있습니다.사실 도어대시는 배달 앱 서비스의 선발 주자가 아닙니다. 창업주는 미국인이 아닌 이민자 출신이죠. 이런 환경에서 어떻게 도어대시는 선발주자 그럽허브나 빅테크인 우버를 압도하는 경쟁력을 만들어 냈을까요.도어대시의 창업자 토니 쉬. 출처=도어대시도어대시 창업자 토니 쉬는 1985년 중국 난징에서 태어나, 4세 때 가족과 함께 미국 일리노이주 샴페인으로 이주했습니다. 이후 스탠퍼드대에 진학하며 인생의 전환점을 맞이하게 됩니다.2012년, 그는 ‘지역과 상생을 위해 학생들이 할 수 있는 일’을 주제로 한 조별 과제를 수행하며 인근 마카롱 가게 주인을 인터뷰했습니다. 이 과정에서 “주문은 많지만 배달원이 없어 수요를 감당하기 어렵다”는 현실을 듣게 됩니다. 토니 쉬는 이 문제를 계기로 학교 주변에 같은 어려움을 겪는 가게들이 많다는 사실을 확인했고, 친구들과 함께 직접 서비스를 만들어보기로 결심합니다.그렇게 2013년 1월, 캘리포니아 팔로알토에서 ‘PaloAltoDelivery.com’이라는 이름으로 서비스를 시작합니다. 초기에는 토니 쉬와 창업 멤버들이 직접 자전거를 타고 배달까지 했습니다.도어대시가 경쟁에서 성공할 수 있었던 핵심 요인은 ‘경쟁 회피’ 전략이었습니다. 그럽허브와 우버가 뉴욕·워싱턴 같은 대도시에서 치열하게 경쟁하는 동안, 도어대시는 오히려 교외와 지방이라는 틈새시장을 적극 공략했습니다.도심에서는 기존 음식 배달 업체들과 같은 레스토랑을 두고 경쟁하는 반면, 교외 지역에서는 아직 배달 서비스를 도입하지 않은 레스토랑들과의 제휴에 집중했습니다. 이 지역은 식구가 많은 가구가 많아 평균 주문 금액이 높다는 점도 강점이었습니다.2018년, 전환점이 되는 투자가 이뤄집니다. 손정의 회장이 이끄는 소프트뱅크벤처스가 도어대시의 잠재력을 알아보고 무려 6억5000만 달러를 투자한 것입니다. 이 자금을 바탕으로 출시한 ‘DashPass’는 게임체인저가 됩니다.DashPass는 월 $9.99의 구독료를 내면, $12 이상 주문 시 배달료를 면제해주고 수수료도 할인해주는 프로그램입니다. 미국은 한국보다 배달료가 비싼 편이라 이를 줄여주는 구독 서비스에 대한 수요가 높았고, 이용자는 빠르게 늘었습니다.현재 도어대시 전체 사용자 중 30%가 DashPass를 사용 중입니다. 회사 입장에서는 안정적인 구독 수익 덕분에 현금 흐름이 개선되고, 장기적인 성장 모델 구축이 가능해졌습니다.2020년 12월, 도어대시는 나스닥에 상장하며 화려하게 데뷔합니다. 상장 첫날, 공모가 108달러를 훌쩍 넘어선 189.5달러를 기록했습니다. 팬데믹 기간 동안 폭발적으로 성장한 도어대시는 이후에도 꾸준히 성장세를 이어갑니다.2024년, 도어대시는 전년 대비 24%의 매출 성장을 기록하며 사상 처음으로 연간 GAAP 기준 흑자를 냈습니다. 같은 해 말 기준 월간 활성 이용자(MAU)는 4200만 명으로, 전년 동기(3700만 명) 대비 크게 늘었습니다. 멤버십 가입자 수도 2200만 명을 돌파하며 1년 만에 400만 명 이상 증가했습니다.닌텐도도 넘었다 시총 $1000억 넘은 코인베이스코인베이스 올해 주가 추이하지만 도어대시의 이 같은 약진에도 불구하고 올해 S&P500 지수 ‘신인왕’을 타기엔 역부족으로 보입니다. 신인상을 넘어 2~3분기 S&P 지수 전체를 견인하고 있는 압도적 루키 ‘코인 베이스’가 있기 때문이죠.미국 최대 암호화폐 거래소 코인베이스(Coinbase)는 비트코인 급등을 계기로 이번 주 시가총액 1000억달러를 달성했습니다. 이 무서운 신인은 이미 기업 규모로 닌텐도, 디올, 지멘스, BNP파리바 등 전통적인 글로벌 대기업들을 넘어섰습니다.코인베이스 주가는 지난 13일(현지시간) 1.8% 상승한 394.01달러에 마감해 사상 최고 종가를 기록했습니다. 이는 2021년 4월 나스닥에 상장한 이후 처음으로 종가 기준 최고치를 경신한 것입니다. 이날 장중에는 한때 398.50달러까지 치솟기도 했습니다.암호화폐 플랫폼으로는 처음 S&P 이름을 올린 코인베이스는 최근 한 달간 주가가 50% 넘게 상승했습니다. 서클인터넷그룹(Circle Internet Group IPO와 미국 내 암호화폐 규제 환경 개선 기대가 긍정적인 영향을 미쳤습니다.포브스 선정 148위 부자로 등극한 창업주 브라이언 암스트롱. 자료=포브스창업자 브라이언 암스트롱(Brian Armstrong)은 캘리포니아 산호세 출신으로 라이스 대학교에서 컴퓨터 공학과 경제학을 전공했습니다. 딜로이트, 에어비앤비 등에서 개발자로 근무하다가 퇴사 후 코인베이스를 창업했죠. 미국 내 기반으로 쉽고 안전하게 디지털 자산을 거래할 수 있다는 차별점이 성장에 큰 자양분이 됐습니다.코인베이스는 월가에서 여전히 긍정적으로 평가받고 있으나, 최근 단기 상승으로 인해 단기 조정 가능성도 언급되고 있습니다. 다만 번스타인 같은 일부 기관들은 목표가 $510 이상을 제시하며 여전히 장밋빛 전망을 하고 있습니다.향후 스테이블 코인 등 가상 자산이 제도권 내로 얼마나 빨리 안착하는지에 따라 코인 베이스의 주가 추이도 영향을 받을 것으로 보입니다."
"지니어스법, 李 공약… '핫해진' 스테이블코인은 정말 스테이블한가",https://n.news.naver.com/mnews/article/665/0000005454,"더스쿠프 주말 이슈 꼬리물기변곡점 맞은 가상화폐 1편스테이블코인 제도화 기대감李, 스테이블코인 공약 내걸어美, 지니어스법의 중대한 함의가상화폐 시장이 갈수록 뜨거워지고 있다. 제도화 가능성이 높아진 데다 가격까지 상승하고 있어서다. 이슈의 중심에 있는 건 스테이블코인과 비트코인이다. 더스쿠프 주말 이슈 꼬리물기 '변곡점 맞은 가상화폐' 1편에선 아직은 다소 생소한 스테이블코인부터 살펴보자.이재명 대통령은 이번 대선에서 원화 기반의 스테이블코인 발행 방안을 마련하겠다는 공약을 내놨다.[사진｜뉴시스]스테이블코인은 시장의 변화에 따라 가치가 출렁이는 가상자산과 달리 1코인의 가격을 1달러 또는 1000원 등으로 고정해둔 가상화폐다. 가상화폐가 안정적인 교환 수단으로 활용하기 어렵다는 단점을 해소하기 위해 만들어졌다.이재명 정부는 이런 스테이블코인의 도입을 추진할 가능성이 높다. 원화 기반 스테이블코인의 발행·유통 방안을 마련하겠다는 건 이재명 대통령의 핵심 공약 중 하나였다. 아직 구체적인 정책은 나오지 않았지만 시장의 관심은 최고조에 올랐다.예를 들어보자. 스테이블코인 대장주로 꼽히는 NHN KCP(옛 NHN한국사이버결제)의 주가는 가파른 상승세를 기록 중이다. 6월 2일 7550원이던 이 회사의 주가는 6·3 대선 이후 상승세를 타기 시작했고, 11일 1만7160원을 기록하며 사상 최고가를 기록했다. 주가가 한달 보름 만에 121.4% 치솟은 셈이다.현재 주가도 1만5000원 수준을 유지하고 있다. 이밖에도 더즌, 넥써스, 다날, 카카오페이 등 스테이블코인 관련주로 묶인 종목의 주가가 연일 급등세 보이고 있다.미국에서도 스테이블코인은 핫이슈다. 미 하원은 17일(현시시간) 스테이블코인의 제도권 편입을 추진하는 '지니어스법(Genius Act)'을 통과시켰다(찬성 308표·반대 122표). 도널드 트럼프 미국 대통령은 하원 통과 다음날인 18일 지니어스법에 서명했다. 이 법은 스테이블코인의 법적 정의와 발행 절차, 공시 의무 등을 규정하고 있다.  감독 체계와 업계의 준비를 거쳐 2026년부터 시장에 본격적으로 적용될 전망이다.가상자산 업계 관계자는 ""미 하원에서 지니어스법이 통과된 만큼 스테이블코인의 도입에 속도가 붙을 것""이라며 ""가상화폐 시장의 주도권을 빼앗기지 않으려면 국내에서도 관련 논의를 서둘러야 한다""고 말했다. '지니어스법'의 통과로 월마트와 아마존과 같은 미 유통공룡도 스테이블코인을 발행할 수 있는 길이 열렸다.스테이블코인 감독기구인 미 통화감독청(OOC) 등 연방기관으로부터 발행 인가를 받고, 스테이블코인만큼의 준비금(달러·국채 등)을 예치하면 된다. 그래서인지 시장은 벌써 꿈틀대고 있다. 지니어스법 통과 소식에 지난해 12월 달러 연동형 스테이블코인 RLSD를 발행한 리플의 가상화폐 XPR의 가격이 급등세를 보인 건 이를 잘 보여주는 사례다.[사진｜뉴시스]하지만 스테이블코인이 이름처럼 '안정적인' 시장으로 성장할 수 있을지는 의문이다. 너나 할 것 없이 스테이블코인을 발행하면 시장이 어지러워질 수 있다. 스테이블코인이 자금세탁이나 과세회피, 외환규제 우회 수단으로 쓰일 수 있다는 우려도 끊이지 않고 있다.한국은행이 지난 6월 발표한 금융안정보고서에는 이런 걱정거리가 담겨 있다. ""… 블록체인을 기반으로 운영하는 스테이블코인은 관련 제도나 인프라가 충분히 갖춰지지 않았다는 점에서 기술적 오류가 발생할 가능성이 있다. 아울러 범죄에 악용될 수도 있다. 스테이블코인을 향한 신뢰가 깨질 경우 뱅크런(은행 대규모 예금 인출 사태)처럼 일종의 '코인런'이 발생할 여지도 있다."" 스테이블코인이 시장에 몰고 올 변화를 냉정하게 분석할 필요가 있다는 얘기다. 그렇다면 비트코인은 어떨까. 이 이야기는 주말 이슈 꼬리물기 2편에서 이어나가보자.강서구 더스쿠프 기자ksg@thescoop.co.kr"
“고3 때 가입하면 평생 혜택”...청년 국민연금 자동가입 추진,https://n.news.naver.com/mnews/article/123/0002364015,"월 9만원 10년 납입 시 월 20만원 수령…18세부터 가입 유도국민연금 수령액을 늘리기 위해 청년들의 가입 시기를 앞당기려는 정치권의 움직임이 본격화되고 있다. 만 18세가 되면 직업과 소득이 없어도 첫 달 보험료를 국가가 납부해 자동 가입되는 제도다. 현재 일부 청년과 부모들 사이에서 개별적으로 활용되던 조기 가입 전략이 제도화되는 흐름으로, 제도 설계와 홍보 방식이 향후 관건이 될 것으로 보인다.19일 국회에 따르면 이재명 대통령의 공약인 '생애 최초 청년 국민연금' 정책을 담은 법안들이 국회에 잇따라 발의됐다. 더불어민주당 남인순 의원은 학업과 군 복무로 소득이 없는 청년들이 국민연금 가입 대상에서 제외되는 현행 규정을 고쳐 18세부터 자동 가입되도록 하는 내용의 개정안을 발의했다. 같은 당 서영석 의원은 자동가입 시 첫 3개월 보험료를 국가가 지원하도록 하는 별도 법안을 냈다.두 법안의 공통점은 가입 시점을 만 18세로 앞당겨 연금 수령액을 늘릴 수 있도록 가입기간을 확보하게 한다는 데 있다. 국민연금은 가입기간과 평균소득에 따라 수령액이 결정되기 때문에 가능한 빨리 가입하는 것이 유리하다. 자동가입된 뒤에는 소득이 없어도 보험료 납부가 면제되며, 이후 경제활동을 시작한 뒤 과거의 미납 기간에 대해 추후 납부할 수 있다.국민연금공단에 따르면 실제로 30세 미만의 임의가입자 수는 빠르게 증가하고 있다. 2019년 말 1만958명이던 숫자가 올해 3월 말 기준 2만5018명으로 약 2.3배 늘었다. 전체 임의가입자 가운데 30세 미만이 차지하는 비율도 같은 기간 3.3%에서 8%로 증가했다. 전체 임의가입자 수가 감소하는 추세와는 다른 양상이다.10대와 20대에서도 증가세가 뚜렷하다. 특히 만 18세 임의가입자 수는 2023년 1608명에서 지난해 2338명으로 45.4% 증가했다. 과거 일부 강남권 부모들이 자녀 생일에 맞춰 한 달 보험료만 납부하고 납부 유예를 신청하는 방식으로 활용해온 '고3 임의가입' 전략이 전국적으로 확산된 것으로 풀이된다.국민연금 임의가입 보험료는 전체 지역가입자의 중위소득을 기준으로 산정된다. 현재는 월 9만원 수준이다. 이 보험료를 10년간 납부하면 월 20만원의 연금을 평생 받을 수 있다. 20년간 납부하면 월 41만원으로 증가한다. 같은 기간 동안 월 18만원을 납부했을 경우에는 월 25만원의 연금을 받을 수 있어 납부 기간이 길수록 연금 수령액이 더 높다.◆…기사 이해를 돕기 위한 사진(사진 = 연합뉴스)이 대통령은 제도 도입의 필요성을 일찍부터 강조해 왔다. 2018년 12월 당시 경기도지사 시절에도 ""가입 기간이 길어질수록 노후 연금 수령액이 늘어나는데 국민들은 잘 알지 못한다""며 국민연금 제도에 대한 충분한 정보 제공을 강조했다. 2023년 당 대표 시절에도 ""청년들의 연금 불신을 해소하려면 첫 보험료를 국가가 대신 납부해 조기 가입을 유도할 필요가 있다""고 밝혔다.현재 국민연금 평균 수령액은 월 67만5477원(2024년 2월 기준)이다. 이는 국민연금연구원이 발표한 1인 최소 노후 생활비 136만1000원의 절반 수준이다. 적정 생활비 192만1000원과 비교하면 격차는 더욱 커진다. 이에 따라 가입 시기를 앞당겨 수령액을 높이려는 제도 정비 필요성이 더욱 커지고 있다.한편 임의가입자의 소득공제와 관련해서는, 납부한 보험료가 본인의 종합소득이 있어야 공제 대상이 된다. 배우자가 대신 납부한 보험료는 공제되지 않는다. 다만 과세기준일(2002년 1월 1일) 이후 본인이 소득공제를 받지 않고 납부한 보험료는 '과세제외기여금'으로 분류돼 향후 연금 수령 시 과세기준금액에서 제외된다."
우리나라 땅 누가 얼마나 가졌나?···상위 10%가 전체 면적 78.4% 차지,https://n.news.naver.com/mnews/article/657/0000040778,"토지를 소유한 국민 중 상위 10%가 전체 토지 면적의 약 80%를 소유하고 있는 것으로 나타났습니다.국토교통부가 발표한 2024년 말 기준 토지 소유 현황 통계를 보면, 개인 소유 토지의 경우 상위 10%에 해당하는 10분위 구간이 전체 개인 소유 면적 4만 6,258㎢ 중 78.4%에 해당하는 3만 6,251㎢를 소유한 것으로 집계됐습니다.반면 하위 10%에 해당하는 1분위 소유 면적은 28㎢, 0.1%에 불과했습니다.자료 제공 국토교통부법인 소유 토지에서는 집중 현상이 더 두드러져 상위 10% 법인이 전체 법인 소유 면적 7,404㎢ 중 92.3%에 해당하는 6,837㎢를 소유한 것으로 나타났습니다.종중과 종교단체 등 비법인 소유 토지의 경우 상위 10%가 전체 비법인 소유 면적 7,823㎢ 중 5,387㎢를 소유해 68.9%를 차지했습니다.한편, 2024년 말 주민등록 기준 우리나라 전체 인구 5,122만 명 중 38.4%인 1,965만 명이 토지를 소유해 10명 중 4명꼴로 토지를 소유한 것으로 나타났습니다.2006년 1,367만 명과 비교하면 43.7% 증가했습니다.토지 소유 현황 통계는 전국 지방자치단체에서 등록한 지적공부(토지·임야대장) 정보를 기초로 매년 작성합니다.2025년 통계는 2006년 통계 이래 열 번째로 공표하는 것으로, 성별과 연령별 소유 현황, 시도별 외지인 토지 보유 비율 및 개인·법인·비법인의 토지 소유 현황 등 총 39종으로 구성돼 있습니다.세대별로는 총 2,412만 세대(주민등록 세대) 중 63.4%인 1,530만 세대가 토지를 소유하고 있는 것으로 나타났습니다.연령별로는 60대(30.2%)가 가장 많고 50대(21.2%)와 70대(20.8%)가 뒤를 이었습니다.성별로는 남성 54.5%, 여성 45.5%로 조사됐습니다."
"열나는 데이터센터, 바다에 빠뜨리자…美·中 이어 한국도 나선다[딥다이브]",https://n.news.naver.com/mnews/article/020/0003649044,"인공지능(AI) 기술엔 데이터센터가 꼭 필요하고, 데이터센터는 ‘열 식히기’가 매우 중요하다는 건 이제 많이 아시죠. AI시대가 열리면서 냉각에 대한 관심이 커져가는데요. 그럼 이건 어떨까요. 데이터센터를 아예 차가운 바닷속으로 빠뜨려버리는 겁니다.무슨 공상과학 같은 발상이냐고요?‘수중 데이터센터’는 현실에서 작동 중입니다. 미국과 중국에선 이미 선보였고, 한국에서도 곧 등장할 예정이죠.기발하면서도 실용적인 기술, 수중 데이터센터를 들여다봅니다.중국 기업 하이랜더가 하이난 앞바다에 수중 데이터센터를 설치하는 모습. 하이랜더 제공*이 기사는 7월 18일 발행한 딥다이브 뉴스레터의 온라인 기사 버전입니다. ‘읽다 보면 빠져드는 경제뉴스’ 딥다이브를 뉴스레터로 구독하세요.https://www.donga.com/news/Newsletter미친 아이디어, 현실이 되다천재적인가 아니면 미친 짓인가(Brilliant or Crazy)?2014년 마이크로소프트가 ‘네이틱(Natick) 프로젝트’를 시작했을 때 나온 반응입니다. 데이터센터를 통째로 바닷속에 잠수시키는 전례 없는 실험이었죠.MS의 직원 아이디어 공유 행사인 ‘씽크위크(ThinkWeek)’에서 수중 데이터센터를 제안한 건 엔지니어인 션 제임스(현 MS 에너지·데이터센터 연구 부문 부사장). 해군 잠수함에서 복무한 경험이 있는 그는 수중 데이터센터가 얘기된다고 확신했다는데요.일단 수중 데이터센터는 열을 식히는 데 차가운 바닷물을 이용합니다. 그럼데이터센터 전체운영비용의 40% 가까이 차지하는 냉각 비용을 대폭 절감할 수 있다는 게 가장 큰 장점이고요. 또 이건 토목공사 필요 없이, 공장에서 만들어서 바다에 가라앉히면 설치할 수 있거든요.건설 기간을 획기적으로, 아마도 90일 정도로 단축할 수 있을 거라고 내다봤죠.MS는 이 놀라운 아이디어를 채택했습니다. 2018년 봄, 스코틀랜드 오크니섬의 35m 깊이 해저에 컨테이너 크기의 밀폐된 데이터센터가 설치됩니다. 이후2년간의 시험가동을 마친 이 세계 최초의 수중 데이터센터는 2020년 여름 따개비와 해조류로 뒤덮인 모습으로 건져 올려졌죠.2020년 25개월의 시험운영을 마치고 인양된 MS의 수중 데이터센터의 모습. 표면에 달라붙은 따개비들을 물로 청소하고 있다. 마이크로소프트 홈페이지당시 MS가 분석한 결과는 꽤 인상적이었습니다. 2년간 가동된 855대 서버 중 고장 난 건 6대뿐.고장률이 육지 데이터센터의 8분의 1밖에 되지 않았죠.바닷속이 육지보다 훨씬 나은 환경이었던 셈입니다.왜 그럴까요? MS는 두 가지 이유를 꼽습니다. ①내부를 산소와 달리부식성이 낮은 질소로 채웠기 때문이고요. ②무인으로 운영되기 때문에 사람이 들락날락하면서 건드려서 고장 낼 일이 일절 없었죠. MS는 수중 데이터센터가“신뢰성이고 실용적이며 지속 가능하다”고 성과를 공개했는데요.그래서 이후 MS는 바다 곳곳에 데이터센터를 심어뒀을까요? 아니요.그걸로 끝이었습니다. 지난해 MS 측은 “세계 어디에도 수중 데이터센터를 짓지 않을 것”이라고 공식적으로 밝혔죠. 대신 MS는 수중 데이터센터와 관련된 특허를 오픈소스로 공개했습니다.가능성만 확인한 채 허무하게 끝난 MS의 도전. 하지만 MS가 불을 지핀 수중 데이터센터에 대한 열정은 이제 엉뚱한 곳에서 피어나고 있습니다. 바로 중국이죠.중국에선 ‘전략 산업’118%. 중국 선전거래소에 상장된 기술기업 하이랜더(중국명 ‘海兰信’)의 올해 주가 상승률입니다. 시가총액 2조5000억원의 중소형주 하이랜더는 주가가 치솟으면서, 이제 PER(주가수익비율)이 300배가 넘습니다.중국 정부가 ‘2025년 정부업무보고서’에서 전략적 신흥 사업으로 선정한 ‘심해기술’ 분야의 대표 수혜주로 꼽히면서 중국 개인투자자 매수세에 불이 붙었기 때문인데요.중국 기업 하이랜더의 최근 1년 주가 추이. 실적은 미미한 중소형주이지만 ‘심해기술’ 테마에 대한 기대감으로 개인 투자자 매수세가 몰리면서 주가가 급등세를 보였다. 야후 금융이 하이랜더의 주력사업이 바로 수중 데이터센터입니다. 하이랜더는2023년 중국 하이난 앞바다에 세계 최초로 ‘상업용’ 수중 데이터센터를 구축해 운영 중이죠. 규모가 매우 작은 시범사업이긴 하지만(올해 수중 데이터센터 관련 매출 96억원 전망), 차이나텔레콤과 알리바바 클라우드 같은 고객사가 계약을 맺고 이용 중이라는군요.하이랜더는 현재 1단계인 하이난 수중 데이터센터를 3단계까지 확장해 나갈 계획(총 40MW)이고요. 올해 6월부터는상하이 앞바다에 새로운 수중 데이터센터 설치를 진행 중입니다. 이건 올해 9월 가동될 거라는데요. 원자력 발전소 전력을 이용하는 하이난과 달리, 상하이 수중 데이터센터는전력 대부분(97%)을 인근 해상풍력발전 단지에서 공급받을 거라고 하죠. 해상풍력과 수중 데이터센터, 두 해양 기술의 결합입니다.하이랜더는 상하이 수중 데이터센터를 수직으로 설치한다. 필요한 전력 대부분은 인근 해상풍력발전소에서 끌어올 계획이다. 하이랜더 제공하이랜더 수중 데이터센터는 MS와 방식은 거의 같습니다. 내부는 질소로 채우고, 파이프를 통해 차가운 바닷물을 순환시켜 서버에서 발생하는 열을 식히죠.무동력의 자연 냉각 방식 덕분에 육상 데이터센터보다 전력 사용량을 30% 이상 줄일 수 있고요.냉각탑이 필요 없으니 공간도 절약하고, 물(담수)도 아낄 수 있습니다. 또 공장에서 데이터센터를 만든 뒤 잠수시키면 되기 때문에 90일이면 설계·생산·구축이 모두 가능하고요. 필요하다면 바닷속에서 무한정 확장도 가능합니다. 참고로 하이랜더가 밝힌 설계 수명은 25년이죠.아직은 워낙 초기 단계라서 이런 설명을 다 믿어도 되나 싶긴 한데요.MS도 접은 프로젝트를 중국 기업이 과감하고 빠르게 치고 나가고 있다는 점은 인상적입니다. 물론 중국 정부의 지원이 뒷받침되기 때문이죠.한국도 2027년에 생긴다여기까지 보시고 이런 생각 들지 않으세요. 수중 데이터센터, 그거 삼면이 바다인 우리나라에 딱인데? 네, 그렇습니다. 그래서 지금 한국도 이와 비슷한 프로젝트를 진행 중입니다.2027년 울산 앞바다 수심 30m 지점에 들어설 ‘해저기지’의 한 부분인 ‘수중 데이터센터 모듈’이 그것이죠. 이 계획대로라면 미국, 중국에 이어 세계에서 세 번째로 수중 데이터센터를 운영하는 나라가 될 겁니다.현재 한국해양과학기술원은 이 해저기지뿐 아니라 별도의 수중 데이터센터 단지를 구축하는 새로운 사업도 기획 중인데요. “우리의 수중 데이터센터 냉각 방식이 (MS나 중국보다) 좀 더 개선된 방식일 것”이라고 자부하는한국해양과학기술원 한택희 책임연구원과의 일문일답을 소개합니다.2027년 울산 앞바다에 들어설 해저기지의 모습. 세 가지 모듈로 구성되는데, 그중 하나가 수중 데이터센터 모듈이다. 이곳에선 연구원들이 머물며 연구를 진행할 예정이다. 한국해양과학기술원-‘수중 데이터센터 모듈’이 포함된 해저기지, 이미 설계는 마치신 거죠?“설계는 다 해놨고, 최종 조정만 한 다음에 아마 내년부터 제작에 들어갈 겁니다.바다에 설치하는 건 2027년쯤이 될 거고요.”-수중 데이터센터는 미국 마이크로소프트가 선도적으로 개척한 기술인데요. 왜 MS는 이걸 상용화하지 않았을까요?“바다에 들어가면 따개비가 달라붙어서 냉각 파이프가 막히게 되거든요. 그러다 보니냉각 효율이 자꾸 떨어진 거죠.결국 테스트만 해보고 그다음엔 하지 않고 있죠.”-따개비가 붙고 냉각 효율이 떨어지는 문제는 기술로 해결 가능한가요?“MS나 중국 하이랜더는 바닷물을 직접 빨아들여서, 해수가 서버 쪽 열을 식힌 뒤 나가는 방식이에요. 그러다 보니 MS는 그 파이프 안이 자꾸 막혔는데요.하이랜더 경우엔 바닷물이 한번은 오른쪽으로, 또 한번은 왼쪽으로, 이렇게 방향을 바꿔가며 흐르게 해서 파이프 속을 청소해 주는 식입니다. 바닷물의 입구와 출구가 서로 바뀌는 거죠. 하지만 그렇다고 해서 완전하진 않겠지만요.”한국해양과학기술원이 추진하는 수중 데이터센터 단지의 이미지. 동그란 원통 모양의 데이터센터 팟(Pod)을 여러 개 설치하는 방식이다. 한택희 책임연구원은 육상 데이터센터처럼 지역주민 민원으로 공사가 지연되거나 하지 않을 거란 점이 수중 데이터센터의 장점 중 하나라고 설명한다. 데이터센터 냉각에 필요한 전력 소모량은 육상보다 대폭(-84%) 줄일 수 있다. 한국해양과학기술원-그러게요. 완전히 해결되진 않겠네요.“이와 달리 저희는자동차 냉각수와 비슷한 방식입니다.자동차는 냉각수가 엔진 주위를 순환하다 뜨거워지면, 차량 앞의 라디에이터를 통해 차가운 공기를 쐬면서 식잖아요. 그와 똑같이 저희는 청수(깨끗한 물) 냉각 시스템을 씁니다. 바닷물을 직접 쓰지 않고요. 뜨거워진 청수가 바깥으로 나온 파이프를 타고 지나가면서 외부 바닷물에 의해 식혀지면, 그 찬물이 다시 안으로 들어가는 거죠. 폐쇄형 시스템이라 파이프 속이 막힐 일이 없습니다.”-냉각수가 따로 있는 거군요. 바닷물이 냉각 시스템 안으로 직접 들어가지 않기 때문에 따개비 같은 불순물이 섞일 염려가 없고요.“맞습니다. 마치 자동차가 달리면서 냉각수를 찬 빗물로 식히는 것과 비슷하다고 보면 됩니다.”-중국이 상하이에 새로 설치하는 수중 데이터센터는 전력 대부분을 해상풍력으로 연결한다더라고요. 우리나라도 그렇게 할 수 있을까요.“해저케이블 공사비가 만만찮거든요. 육상이든 해상이든 가장 가까운 발전소의 전기를 쓰는 게 가장 효율적이죠. 결국데이터센터 단지 근처에 어느 발전소가 있느냐에 따라서 달라질 겁니다.만약 근처에 해상풍력 단지가 있다면 어차피 거기 해저케이블이 들어가니까, 그 케이블이 지나가는 중간 지점에 만들면 효율적이겠죠.”-우리나라는 땅이 좁다 보니, 바닷속에 데이터센터를 짓는다는 아이디어가 솔깃하긴 한데요. 아무래도 투자비가 더 많이 들지 않을까요?“투자비 더 들지 않습니다.”-그래요?“육상은 일단 부지 비용이 들고요. 그게 아니라도 건물을 보기 좋게 잘 지어야 하잖아요. 조경도 신경 써야 하고. 그런데수중 데이터센터는 그냥 통 안에 서버만 넣으면 되니까 훨씬 간단합니다. 저희가 공사비를 뽑아보니 더 들지 않고, 오히려 약 20% 공사비를 줄일 수 있습니다.”서버 10만대 이상의 하이퍼스케일 수중 데이터센터를 구축할 경우를 가정한 구상도. 이를 건설할 때 가장 많은 비용이 드는 부분은 의외로 팟(Pod) 제작비용이 아니라 해저케이블 제작과 포설 비용일 것으로 예상된다. 한국해양과학기술원-육상보다 훨씬 실용적으로 지을 수 있군요. 수중 데이터센터는 사람의 접근이 매우 어려운데요. 고장이 큰 문제 아닐까요.“일단 MS 발표에 따르면 고장률은 육지의 8분의 1 수준으로 낮고요. 저희가 기획 중인 대단지 수중 데이터센터의 경우, 설계 수명은 30년인데요. 고장이 나면여러 세트의 팟(Pod) 중 고장 난 부분만 살짝 들어 올려서 수리한 뒤 다시 가라앉히는 식이 될 겁니다. 어차피 설치를 위해선 그걸 들고 내릴 수 있는 장비가 필요한데, 그 장비를 관리에도 쓰는 거죠.”-박사님, 근본적인 궁금증이 생겼는데요. 처음에 왜 이 연구를 하게 되셨어요?“지금 진행 중인 해저기지 사업이 시작된 건 2022년인데요. 사실기획은 제가 2012년도에 했어요.”-2012년이요? 그땐 MS도 이런 연구를 하지 않았고, 아무것도 없었을 때인데요?“당시엔 심사위원이 볼펜 집어던지면서 이런 걸 왜 하느냐고, 공상과학 소설 쓰지 말라고 그랬었죠.”-그저 황당한 계획으로 생각했군요.“2019~2020년쯤 다시 얘기하니까, 그때는 통하더라고요.어떻게 하면 해저기지가 경제성이 있을까를 고민하다가 수중 데이터센터를 모듈 중 하나로 넣었고요.그러고 나서 찾아보니까 MS도 이걸 하고 있더라고요. 그땐 아직 중국엔 하는 곳이 없었고요.”-요즘 AI와 데이터센터가 워낙 큰 화두라서요. 우리나라도 수중 데이터센터나 해저기지에 대한 관심이 높아지지 않을까요?“이 바닥(해양 기술 분야)이 좁다 보니까외국 기업이나 관련 기관에선 우리가 어떻게 하는지에 관심이 매우 많아요.자꾸 어떻게 진행되는지 물어보죠. 우리나라도 앞으로 좀 그래야(관심이 높아져야) 할 텐데요.” By.딥다이브유럽에선 우주에 데이터센터를 설치하는 계획이 검토되고 있다고 하죠. AI 시대에 필수적인 초거대 데이터센터를 어떻게 효과적으로 늘려갈지에 대한 고민이 커지는데요. 주요 내용을 요약해 드리자면-AI엔 데이터센터가 필요하고, 데이터센터는 냉각이 무엇보다 중요합니다. 수심 30m의 차가운 바닷속에 수중 데이터센터를 설치하는 이유입니다.-미국 마이크로소프트는 이미 2018~2020년 시험가동을 마쳤습니다. 육지보다 고장률이 8분의 1로 줄어들었다는 성과도 공개했죠. 하지만 추가적인 설치는 없을 거라고 합니다.-‘심해 기술’에 열을 올리는 중국에선 2023년 하이난 앞바다에 이어 올해 9월 상하이 앞바다에도 수중 데이터센터가 설치됩니다. 아직은 초기단계이지만 정부 지원에 힘입어 빠르게 확장 중이죠.-한국도 이 분야에선 존재감이 있습니다. 수중 데이터센터 모듈이 포함된 해저기지가 2027년 울산 앞바다에 설치될 예정입니다. 한층 규모를 키운 수중 데이터센터 단지도 구상 중이고요. 공상과학 같은 이 아이디어가 현실이 되길 기대합니다.*이 기사는 7월 18일 발행한 딥다이브 뉴스레터의 온라인 기사 버전입니다. ‘읽다 보면 빠져드는 경제뉴스’ 딥다이브를 뉴스레터로 구독하세요.https://www.donga.com/news/Newsletter"
"'알코올 없는' 맥주 시대, 진짜 맥주란 뭔가[1등의맛]",https://n.news.naver.com/mnews/article/018/0006068940,"논알코올 맥주, 트렌드 아닌 라이프스타일'얼마나 마셨나'→'어떤 방식으로 즐기나'알코올 유무, 조건 아니라 옵션맥주 본질, 잔이 부딪히는 순간 진동과 울림맥주다움, 누군가 함께하는 순간 완성“K푸드 어벤저스가 모였다.”세계로 뻗어가고 세계가 주목하는 K푸드 탑티어 회사들이 직접 K푸드의 흥미진진한 스토리를 들려드립니다. 매번 먹는 거라 익숙하지만 실은 잘 모르는 우리 식품의 깊고 진한 맛을 맛볼 수 있을 겁니다. 김치(대상)-만두(CJ제일제당)-유산균(hy)-빵(SPC그룹)-제과(롯데웰푸드)-아이스크림(빙그레)-맥주(OB맥주)-두부(풀무원) 등 각 분야의 1등 회사가 이름을 내걸고 매주 토요일 [1등의맛]을 배달합니다. <편집자주>⑮[오비맥주 브루마스터 김준규] “왜 한국에는 탄산음료 말고 다른 무알코올 음료가 없을까?” 맥주를 진심으로 좋아했던 나는 알코올을 피해야 하는 순간들이 유독 아쉽게 느껴지곤 했다. 그리고 15년 넘게 술을 공부하고, 지금은 맥주를 만드는 브루마스터로서 ‘맥주다움’이란 무엇인지 오랫동안 고민해 왔다. 최근 나는 그 질문에 조금은 다른 방식으로 답하고 있다.2020년 오비맥주에 입사한 계기도 논알코올 맥주였다. 2019년 석사 논문을 쓸 때 관심 있게 연구했던 분야가 논알코올 맥주였기 때문이다. 카스 0.0 출시 소식에 나는 희망을 품고 지원했고, 현재까지도 오비맥주에 근무 중이다.시장조사업체 유로모니터에 따르면 국내 논알코올 맥주 시장은 2021년 415억 원에서 2023년 644억 원으로 약 55% 성장했다. 2027년에는 946억 원 규모로 확대될 것이라는 전망도 나온다. 내가 2019년 논문을 쓰며 예상했던 속도보다 훨씬 빠르다.논알코올 맥주 시장 성장을 보여주는 상징적인 사례로는 글로벌 브랜드 ‘코로나 세로(Corona Cero)’가 2024년 파리올림픽의 공식 맥주로 활동한 것을 들 수 있다. 한국에서는 ‘카스 0.0’이 논알코올 맥주 카테고리의 중심 역할을 하고 있다. 또 2023년에는 ‘카스 레몬 스퀴즈 0.0’을 선보이는 등 제품 라인업을 강화하고 있다. 최근에는 병 제품으로도 선보이며 식당·주점 등 외식업계와의 접점도 넓혀가고 있다. 브루마스터이자 맥주 애호가로서 운동, 미팅, 지인들과의 모임 등에서 이제는 맥주가 함께할 수 있다는 사실이 기쁘다.이제 논알콜 맥주는 단순한 트렌드가 아닌 하나의 라이프스타일로 자리 잡았다. 예전에는 ‘얼마나 마셨는가’를 중요하게 여겼다면, 이제는 ‘어떤 방식으로 즐길 것인가’가 더 중요해졌다. 알코올 유무는 선택의 조건이 아니라, 상황과 취향에 따라 고를 수 있는 옵션이 되었다.그렇다면 알코올이 없는 맥주도 ‘맥주’라고 할 수 있을까?많은 사람이 논알코올 맥주를 술을 마시지 않는 사람들을 위한 대체재로 생각하지만, 나는 다르게 본다. 점심 회식 자리에서 가볍게 즐기고 싶은 사람, 건강을 생각하는 사람, 기분 좋게 하루를 마무리하고 싶은 사람…다양한 순간 속에서 논알코올 맥주는 맥주를 즐기는 또 하나의 방식이다.게다가 맛의 측면에서 봐도 양조가 입장에서 논알코올 맥주는 일반 맥주보다 더 만들기 까다롭다. 알코올이 제거되므로 맛의 균형이 조금만 어긋나도 바로 느껴진다. 홉의 쓴맛은 튀지 않게, 몰트의 단맛은 눅눅하지 않게, 탄산은 날카롭지 않게 조절해야 한다. 수십 번의 블렌딩과 시음을 거친 뒤에야 비로소 “이건 맥주다”라고 말할 수 있는 한 잔이 완성된다.논안ㄹ코올 맥주를 만드는 방식도 다양하다. 향과 맛을 섞어 만드는 방식, 발효를 거의 하지 않는 효모를 쓰는 방식, 그리고 일반 맥주를 만든 뒤 알코올만 제거하는 방식이 있다. 방법마다 장단점이 있지만, 내가 주목하고 참고했던 연구 분야는 바로 스마트 알코올 분리 공법이다.대표적으로 ‘카스 0.0’은 보리, 홉, 효모, 물을 사용해 일반 맥주처럼 발효를 거친 뒤, 마지막 단계에서 스마트 알코올 분리 공법을 적용해 알코올만 정교하게 제거한다. 이 공법은 맥주의 풍미와 향, 목 넘김은 최대한 남기고 알코올만 덜어낸다. 극미량의 알코올(0.01~0.05%)만 남지만, 이는 평소 먹는 음식에도 발견되는 수준이다.실제로 한국기능식품연구원의 조사에 따르면, G사의 묵은지에서는 1.14%, B사의 자양강장제에서는 0.71%, D사의 오렌지 드링크에서는 0.06%의 알코올이 들어있는 것으로 나타났다. 오렌지 주스나 묵은지를 먹고 취할 걱정을 하는 사람은 없듯, 논알코올 음료를 먹고 취할 염려는 하지 않아도 된다는 뜻이다.그렇다면 ‘맥주의 본질’은 무엇일까?한마디로 정의하자면 맥주의 본질은 잔이 부딪히는 순간의 진동과 울림이다. 그 울림은 사람들 사이의 벽을 허물고, 논알코올이라도 그 감동은 그대로 전해진다.유학 시절 도서관에서 논문을 쓰던 밤, 어머니가 보내주신 라면을 끓여 친구들과 나눠 먹으며 힘내자며 무알콜 맥주로 다 같이 건배했던 기억이 있다. 술기운 없이도 웃음이 넘쳤고, 서로를 위로하며 토닥였던 기억이 난다.나는 ‘맥주다움’의 본질이 알코올 도수에 있지 않다고 생각한다. 맥주는 사회적 윤활유이자, 사람들과 모일 수 있는 핑계이며, 의미 있는 순간을 함께하는 존재다. 맥주에 기대하는 즐거움을 담고 있다면, 논알코올 맥주도 ‘진짜 맥주’다.맥주는 언제나 의미 있는 순간과 함께해왔다. 잔을 들어 올리는 축하와 환대의 자리에, 논알코올 맥주 역시 새로운 방식으로 함께할 준비가 되어 있다.‘맥주다움’은 결국, 누군가와 함께하는 순간 속에서 완성된다.오비맥주 이천공장 크래프트 양조 슈퍼바이저 김준규 (사진=OB맥주)"
"""대출 빙자한 덫""…지금도 성행[불법사금융 OUT①]",https://n.news.naver.com/mnews/article/003/0013372339,"급전 구하려다 불법 사금융 피해…수법 다양SNS 등 디지털 공간 활용한 유인방식 성행[서울=뉴시스] 김금보 기자 = 18일 서울시내 한 거리에 사금융 광고 전단이 널려있다.서민금융연구원이 발표한 '저신용자 및 우수대부업체 대상 설문조사 분석' 보고서에 따르면 지난해 대부업체에서 불법 사금융 시장으로 이동한 저신용자가 최대 9만1천명에 이르는 것으로 추산됐다. 2024.06.18. kgb@newsis.com[서울=뉴시스] 조현아 기자 = #1. 급전이 필요했던 A씨는 인터넷 유명 대부광고 사이트를 통해 등록 대부업자에게 전화로 연락했다. 처음에는 연결이 되지 않다가 5분 뒤, 낯선 번호로 전화가 걸려와 본인을 '대부업자'라고 소개하는 B씨로부터 대출 조건 등을 안내받았다. 대출 조건은 '50만원 대출, 일주일 뒤 80만원 상환'으로, 금리가 연 3000%에 달하는 초고금리였다. 비상연락을 위해 가족이나 지인 전화번호도 제공해야 했다. 이자가 비싸다고 생각했지만, 돈이 급했던 A씨는 가족과 지인 연락처를 제공하고 대출을 받았다. 하지만 대출금을 제때 상환하지 못하자 B씨는 A씨의 가족과 지인들 연락처로 단체 채팅방을 만들어 A씨의 아버지 직장까지 연락해 채무 사실을 알렸다.#2.. C씨는 결혼자금 마련을 위해 대출을 알아보던 중 'OO캐피탈 상담원'이라는 D씨의 안내 문자를 받고 대출 가능 여부를 문의했다. D씨는 1500만원 대출이 가능하다며 주민등록사본과 통장 등을 요구했고, C씨는 해당 서류를 팩스로 제출했다. 하지만 서류 제출 이후 상황은 돌변했다. D씨는 C씨의 신용등급이 낮아 대출이 어렵다며 대부업체에서 대출을 받을 수 있도록 해줄테니 예치금으로 100만원을 달라고 했고, 돈이 급했던 C씨가 100만원을 마련해 입금했으나 그 뒤로 연락이 두절됐다.19일 금융감독원에 따르면 경기 침체 속 고물가 상황으로 서민.취약계층의 대부업 이용 수요가 늘어나면서 이를 틈탄 불법 사금융도 기승을 부리는 것으로 나타났다. 연 3000%가 넘는 불법 고금리를 수취하거나, 대출 알선과 신용등급 상향 등을 미끼로 중개수수료, 보증료를 요구하는 등 수법 또한 다양해지고 있다. 특히 SNS와 문자를 통해 스마트폰에 악성앱을 설치하거나 텔레그램 상담 등 디지털 공간을 활용한 신종 유인방식이 성행하고 있는 상황이다.금감원은 소액이나 급전이 필요할 경우 우선 서민금융진흥원을 통해 정책금융상품을 이용할 수 있는지 여부를 확인하고, 대부업체를 이용할 때에는 반드시 등록된 대부업체인지를 확인할 필요가 있다고 당부했다. 미등록 대부업체 등 불법사금융을 이용할 경우 비정상적인 고금리 부과 불법 추심, 개인정보 유출 등 각종 피해로 이어질 수 있다는 우려다.아울러 가족이나 지인의 연락처와 사진 등 과도한 개인정보를 요구할 때에는 불법 채권 추심, 휴대전화 명의도용 등에 사용될 수 있어 대출 상담을 즉시 중단해야 한다. 대출 알선을 대가로 중개 수수료 입금 등을 요구하는 것 자체가 불법이기 때문에 응해서는 안 된다. 카카오톡이나 텔레그램 등 SNS와 오픈채팅을 이용한 상담은 상대방 추적이 어려워 피해야 한다.최고금리 위반이나 불법 추심 등 피해를 입었을 경우 금감원이나 경찰에 신고하면 대응요령 등을 안내받을 수 있다. 채무자대리인 무료 지원제도를 이용해 법률 서비스도 지원받을 수 있다.이런 가운데 정부는 불법사금융 근절하고 채무자를 보호하기 위해 불법 대부계약의 효력을 제한하는 내용 등의 '대부업법 개정안'을 오는 22일부터 시행한다.연 이자율이 법정최고금리(연 20%)의 3배인 연 60%를 초과하는 대부계약은 이자뿐 아니라 원금까지 모두 무효화하고, 성착취, 인신매매, 폭행협박 등으로 맺은 대부계약의 효력도 제한하는 것이 골자다. 반사회적인 방식으로 채무자에게 현저히 불리한 대부계약을 체결할 경우 원금과 이자를 돌려받지 못하도록 한다는 취지다.가령 연 60%에 못미치는 59%의 금리로 대부계약이 체결됐어도 계약 내용이 반사회적이라면 원금이자 모두 무효화 대상이 된다.금융당국은 ""서민·취약계층이 필요한 자금을 지원받을 수 있도록 정책서민금융 지원 등을 지속해 나갈 것""이라며 ""현재 운영 중인 '불법사금융 근절 범부처 TF'를 통해 불법 사금융, 불법 추심 피해를 방지하기 위한 제도 개선·보완 등도 지속 추진할 것""이라고 말했다．"
다시 뜨는 미국 주식 투자…보관액 183조 원 '역대 최고',https://n.news.naver.com/mnews/article/055/0001276650,"▲ 자료화면국내 투자자의 미국 주식 보관액이 180조 원을 넘어서며 역대 최대치를 기록했습니다.AI 기술주의 약진과 암호화폐 제도화 기대감이 더해지면서, 연초 주춤했던 '미국 투자 대세론'이 다시 힘을 얻고 있습니다.한국예탁결제원은 오늘(19일) 기준 국내 투자자의 미국 주식 보관액이 1천317억400만 달러, 약 183조4천500억 원으로 집계됐다고 밝혔습니다.이는 올해 1월 2일 기준 보관액(1천90억1천900만 달러)보다 약 20.8% 증가한 수치입니다.보관액 1위는 전기차 업체 테슬라로 212억9천만 달러였고, 2위는 AI 칩 제조사 엔비디아로 146억6천만 달러였습니다.이어 AI 소프트웨어 기업 팔란티어(51억9천만 달러), 아이폰 제조사 애플(42억2천만 달러), 종합 AI 서비스 기업 마이크로소프트(34억4천만 달러) 순이었습니다.미국 주식 투자는 2019년 코로나 시기 이후 큰 인기를 끌며 대표적인 재테크 수단으로 자리 잡았지만, 올해 1월 도널드 트럼프 전 대통령이 관세 중심의 무역 기조를 내세우면서 국내 투자자들 사이에서 '셀 아메리카' 흐름이 나타났습니다.하지만 이런 흐름은 지난달을 기점으로 반전됐습니다.시장 참여자들이 트럼프 관세 기조에 적응한 데다 소비 지표, AI 인프라 투자, 기업 실적 등 미국 경제의 펀더멘털이 여전히 탄탄하다는 평가가 나오면서 미국 주식에 대한 관심이 다시 높아졌습니다.트럼프 행정부와 공화당이 스테이블코인 제도화를 위한 법안을 통과시키며 디지털 자산 생태계에 대한 기대감도 커지고 있습니다.대신증권 서영재 연구원은 ""AI 산업과 디지털 자산 분야는 당분간 실적이 좋을 것으로 보인다""고 전망했습니다.또 ""엔비디아 등 주요 종목의 가격이 이미 많이 오르긴 했지만, 실적과 연결된 성장세는 계속될 가능성이 크다""고 설명했습니다.IBK투자증권 정용택 수석 이코노미스트는 ""트럼프의 관세 정책은 비(非)미국 기업에 불리하고, 미국 기업에는 유리한 구조""라고 분석했습니다.이어 ""이런 정책 요인과 더불어 미국 기준금리 인하 시점이 가까워지고 있어, 투자자들이 다시 미국 시장으로 몰리고 있다""고 말했습니다.지난 한 주(11∼17일) 동안 국내 투자자들이 순매수한 미국 주식은 총 3억4천만 달러, 약 4천757억 원에 달했습니다.순매수 상위 종목은 암호화폐 거래소 코인베이스(6천800만 달러), 엔비디아(5천800만 달러), 양자컴퓨터 업체 아이온큐(5천200만 달러), 스테이블코인 발행사 서클(4천100만 달러) 등이었습니다.국내 주식시장에선 투자 대기 자금인 예탁금이 17일 기준 66조6천349억 원으로 집계됐습니다.빚을 내 투자하는 신용거래융자는 같은 기간 21조2천669억 원에서 21조5천880억 원으로 증가했습니다.신용거래융자는 보통 주가 상승 기대감이 높아질수록 함께 늘어납니다.단기 자금을 담는 CMA(자산관리계좌) 잔고는 최근 한 주 사이 89조5천960억 원에서 86조1천497억 원으로 3조 원 넘게 줄었습니다.반면 MMF(머니마켓펀드)는 같은 기간 약 7조5천억 원이 증가해, 17일 기준 잔고가 231조3천731억 원으로 집계됐습니다."
"“돈 벌고 싶다면서, 아직도 이걸 안 해?"" 재테크 1순위 '부동산' 밀려났다",https://n.news.naver.com/mnews/article/014/0005379282,"갤럽, 1000명 대상 유리한 재테크 설문'주식 31%' 조사 이래 처음으로 1위 올라지난 3일 서울 중구 하나은행 본점 딜링룸에서 이재명 대통령의 취임 30일 기자회견이 생중계되고 있다. 2025.7.3 /사진=연합뉴스[파이낸셜뉴스] 우리나라 국민 3명 중 1명은 ‘부동산’보다 '주식'이 더 유리한 재테크 방법이라고 생각한다는 여론조사 결과가 나왔다.부동의 1위 부동산, 2위로 밀려.. 인식 변화18일 한국갤럽에 따르면 지난 15~17일 전국 만 18세 이상 국민 1000명으로 대상으로 실시한 '유리한 재테크 방법' 관련 설문조사 결과, 주식(31%)이라고 답한 응답자가 가장 많았다. 부동산은 23%로 2위였으며, 적금·예금(20%), 비트코인 등 가상자산(9%), 펀드(2%)와 금(2%), 채권(1%) 순으로 나타났다.한국갤럽이 지난 2000년 12월부터 실시한 관련 조사에서 유리한 재테크 방법으로 주식이 부동산을 앞서 1위를 차지한 건 이번이 처음이다. 부동산은 2006년 이후 늘 선호 재테크 수단 1위를 기록해 왔는데 올해 주식에 밀려났다.주식에 대한 선호도는 2년 전 조사(2023년 7월, 14%) 대비 17%포인트 급상승했다. 가상자산 선호도 또한 2년 전 2%에서 9%로 올랐다.반면 부동산 선호도는 39%에서 23%로 16%p 하락한 모습이다. 구체적으로 보면 아파트·주택에 대한 선호도는 2년 전(21%) 대비 7%p 하락한 14%, 땅·토지 선호도는 9%p 떨어진 9%로 집계됐다.70대 이상 고령층을 제외한 전 연령층에서 주식 선호도가 가장 높게 나타난 것도 눈에 띈다. 주식에 대한 선호도는 40대와 50대에서 각각 41%, 42%로 두드러졌고, 20대(18~29세)와 30대에서도 주식 선호도가 각각 30%, 36%로 부동산 선호도(20대 24%, 30대 35%)를 앞섰다. 적금·예금에 대한 선호도는 2년 전 대비 9%p 하락한 20%로 조사됐다.이재명 시대, 자본시장 활성화 기대감 반영된 듯이와 관련해 한국갤럽은 ""가계 자산의 부동산 쏠림 완화와 자본시장 활성화, 이른바 '부동산 대신 주식'을 표방하는 현 정부 경제 정책 기조에 따른 변화로 읽힌다""라고 설명했다.한편 이번 조사는 이동통신 3사가 제공한 무선전화 가상번호를 무작위 추출해 전화조사원 인터뷰(CATI) 방식으로 진행됐다. 응답률은 12.8％, 표본오차는 95％신뢰수준에 ±3.1%포인트(p)다. 자세한 내용은 중앙선거여론조사심의위원회 홈페이지에서 확인 가능하다.#여론조사 #부동산 #주식 #재테크"
‘전세 이중가격’ 집 살 이유가 됐다[손바닥 부동산],https://n.news.naver.com/mnews/article/018/0006068929,"같은 단지 내에서도 신규-갱신 전셋값 억단위로 차이나신규로 전세계약하느니 집 계약하려는 수요 늘 것[송승현 도시와경제 대표] 2020년 임대차 2법 시행 이후, 서울 주요 단지에서는 갱신계약과 신규계약 간 전셋값 차이가 벌어졌다.서울 아파트 단지의 모습.(사진=방인권 기자)전월세상한제에 따라 갱신 시 임대료 인상은 최대 5%로 제한되지만, 신규 계약에는 이러한 규제가 적용되지 않는다. 이에 따라 세입자 보호라는 의도와 달리, 동일 단지 동일 평형에서도 전셋값이 수억 원 차이나는 이중가격 구조가 형성되고 있다.문제는 이 구조가 단기 현상이 아니라는 점이다. 앞으로 갱신청구권을 사용한 전세물량이 대거 만료된다. 이들이 시장에 재진입하는 순간, 전셋값의 급등은 불가피하며, 일부는 감당할 수 없는 보증금 상승을 이유로 주거지를 옮겨야 할 수도 있다. 특히 도심 내 직주근접 수요를 가진 실수요자일수록 비용을 더 지불하든지, 외곽으로 나가든지라는 이분법적 선택에 직면하게 되는 것이다.이중가격 구조를 심화시키는 결정적 요인은 바로 한국에만 존재하는 전세 제도다. 독일, 프랑스, 미국, 일본 등 선진국은 모두 보증금 일부에 월세를 내는 임대차 중심의 구조를 가지고 있다. 반면, 한국은 목돈을 맡기고 월세 없이 거주하는 전세라는 독특한 제도를 기반으로 주거시장이 형성돼 있다.과거 고금리·저주택가격 시대에는 전세가 임대인과 임차인 모두에게 유리했지만, 지금처럼 고금리에 집값까지 오른 상황에서는 임대인도 굴릴 곳 없는 보증금이 부담이고, 임차인도 수억 원의 자금을 동원해야 주거를 확보할 수 있는 구조적 고통이 발생한다. 최근의 전세사기와 보증금 미반환 사태는 전세에 대한 국민적 신뢰마저 크게 흔들고 있다.독일과 프랑스는 흔히 임차인 보호 강국으로 알려져 있다. 독일은 계약기간을 명시하지 않아도 기본 10년 이상 거주가 가능하고, 임대인의 퇴거 요구도 정당한 사유 없이는 거의 불가능하다. 프랑스는 주거권을 헌법에 명시하고, 임대료 인상률 제한, 계약기간 최소 3년 등 다양한 보호장치를 갖췄다.그러나 이들 국가가 무조건 임차인에게 유리한 것은 아니다. 독일조차도 주거비 급등 지역에서는 연간 10% 이내의 임대료 인상을 허용하고 있어, 한국의 5% 상한보다 더 유연하다. 프랑스는 월세의 3배에 달하는 소득 증빙을 요구하고, 제출하지 못할 경우 1년치 월세를 은행에 예치해야만 계약이 가능하다. 보호는 강하지만, 그만큼 자격 조건도 엄격하다는 것이다.미국과 일본은 시장 자율성이 훨씬 강한 구조다. 미국은 몇몇 지역을 제외하고는 계약 종료 후 퇴거가 자유롭고, 일본은 2년 계약 갱신 시 갱신료·사례금 등 임차인 비용 부담이 오히려 크다. 즉, 해외 선진국들 역시 시장 기능과 임차인 보호 사이에서 균형을 유지하려는 제도 설계를 하고 있으며, 한국처럼 보호도 애매하고 시장 자율도 반쪽짜리인 중간 구조는 보기 어렵다.전세가격지수 추이 (그래픽=도시와경제)더 큰 문제는 수요가 몰리는 와중에도 공급은 줄고 있다는 사실이다. 2024년 서울 아파트 입주 예정 물량은 4만 6000가구지만, 2025년은 2만 4000가구로 무려 48% 감소할 전망이다. 2026년 입주 예정 물량은 서울 연간 수요인 약 4.9만~5.4만 가구의 15%에도 미치지 못할 것으로 보인다. 이는 전세 매물 부족, 신규 입주물량 고갈, 매매 전환 가속 등 다양한 부작용을 유발할 수 있으며, 전셋값의 추가 상승을 부추길 가능성도 매우 크다.전세시장 불안이 가시화되자 정부와 정치권에서는 임대차 2법 개정 논의가 다시 불붙고 있다. 계약갱신 횟수와 기간 조정, 임대료 상한율 조정 등 다양한 방안이 거론되지만, 아직 방향은 불투명하다. 시장에서는 이러한 제도 변화가 또 다른 불확실성을 낳을 수 있다고 우려한다. 정책은 바뀔 수 있어도, 사람들의 주거는 당장 바꿀 수 없기 때문이다.제도 개편이 성공하려면 보호와 시장의 균형뿐 아니라, 예측 가능성과 신뢰 회복이 핵심이다. 갑작스러운 변경은 임대인 공급 의지를 꺾고, 임차인의 계약 전략을 붕괴시키며, 시장의 신뢰를 근본적으로 흔들 수 있다.지금의 전세 시장은 불안정성 그 자체다. 공급 부족, 전셋값 상승, 제도 혼선이 맞물리며, 세입자 입장에서는 불안정한 갱신보다 장기적 주거 안정성을 고민할 때가 됐다. 실제로 최근에는 전세가격이 매매가격과 가까워지는 단지들이 늘어나면서, 실수요자 입장에서는 내 집 마련에 대해서 진지하게 검토할 시점이다. 서울과 수도권의 전세시장에서 벌어지는 이중가격, 매물 잠김, 공급절벽은 단순한 단기 트렌드가 아니기 때문이다. 주거를 임차에서 소유로 전환하는 전략은 단순한 자산 축적이 아니다. 보호도, 자율도, 예측도 애매한 현 시점에서 장기적 주거 안정성과 비용 예측 가능성이라는 측면에서 매우 합리적인 선택이 될 수 있다.송승현 도시와경제 대표(사진=도시와경제)"
"젊은 여성 손목마다 '볼록'…어느날 갑자기 생긴 혹, 무시해도 될까?",https://n.news.naver.com/mnews/article/008/0005223919,"고령화 시대의 건강관리 '건(健)테크' (211) 결절종[편집자주] 머니투데이가 고령화 시대의 건강관리 '건(健)테크'를 연재합니다. 100세 고령화 시대 건강관리 팁을 전달하겠습니다.최윤효 바른세상병원 수족부센터 원장31세 직장인 윤모씨는 헬스장에서 운동하다 우연히 손목에 혹이 생긴 것을 발견했다. 평소에는 불편함 없이 지냈지만 운동 중 손목을 꺾는 동작을 할 때 그 부위가 눌리며 통증이 느껴졌다. 갑자기 생긴 혹, 그냥 둬도 괜찮은 걸까?우리가 흔히 말하는 '물혹'은 신체 어디에서든 생길 수 있지만, 특히 손목이나 손바닥 등 손 부위에 자주 발생한다. 이 중 대부분은 '결절종'이라 불리는 물혹으로 손에 생기는 종양 가운데 가장 흔한 양성 종양이다. 손 부위 종양의 약 50~70%를 차지한다고 알려져 있다. 결절종은 투명한 점액질로 구성되어 있으며 크기가 작아졌다가 다시 커지는 특징을 보이기도 한다.손목 결절종의 정확한 발생 원인은 알려지지 않았다. 손목을 많이 사용하는 젊은 층, 특히 관절이 상대적으로 약한 10~30대 여성에게 자주 나타난다. 외상이나 반복적인 움직임으로 인해 관절액이 관절막 밖으로 새어 나오고, 이 액체가 흡수되지 못한 채 조직에 고이면서 결절종이 생기는 것으로 추정된다.진단은 비교적 간단하다. 혹에 빛을 비추었을 때 내부가 비쳐 보이는지 확인하는 '투광 검사(Transillumination test)'나 엑스레이, 초음파 검사를 활용한다. 다른 질환과의 감별을 위해 MRI 검사를 시행하기도 한다.치료 역시 대부분 비수술적 방법으로 시작한다. 증상이 경미한 경우에는 단순히 경과를 관찰하거나, 주사기로 내부의 점액을 뽑아내는 '흡인 치료'를 시도할 수 있다. 하지만 흡인술은 일시적으로 크기를 줄일 수 있을 뿐, 관절과 연결된 통로가 남아 있어 단기간 내 재발할 수 있다.통증이 동반될 경우 대부분은 결절종 자체보다는 주변 힘줄이나 관절 부위에 생긴 염증 때문인 경우가 많다. 이 경우 염증 치료를 받으면 증상이 완화할 수 있다. 눈에 보기에 혹이 크거나 불편감을 유발한다면 수술적 제거를 고려할 수 있다. 전통적으로 피부 절개 후 결절종을 제거하는 '개복술'이 있다. 흉터가 작고 회복이 빠른 관절내시경 수술도 시행된다. 수술은 재발 우려를 줄일 수 있는 가장 확실한 방법이지만, 일반적으로 약 20%의 재발률이 보고되고 있다.결절종은 양성 종양이기 때문에 꼭 제거하지 않아도 일상생활에 큰 문제가 없는 경우가 많다. 자연적으로 사라지기도 한다. 다만 손목에 생긴 혹이 모두 결절종은 아니기 때문에, 간혹 '건활막거대세포종(Giant Cell Tumor of Tendon Sheath)'과 같은 경계성 종양이나 '활막육종(Synovial Sarcoma)' 같은 악성 종양일 가능성도 있어 반드시 수부 전문의의 진료를 받아 정확한 진단과 적절한 치료를 받아야 한다.외부 기고자 - 최윤효 바른세상병원 수족부센터 원장(정형외과 전문의)"
“보험금 1억 청구했는데 적게 받을 뻔”…유족들이 놓치면 안되는 이것,https://n.news.naver.com/mnews/article/009/0005527594,"일용직 도중 사고…직업 변경보험금 1억1000만원 지급 조정보험금청구서. [사진 출처 = 연합뉴스]# 1억원의 상해사망보험금을 가지고 있던 A씨는 보험 가입 당시 직업을 전업주부로 적었다. 그러나 이후 A씨는 일용직을 하던 중 사고를 당했다. 당시 A씨는 지인과 함께 양계장에서 닭 상차작업을 마친 뒤 귀가하던 중 교통사고로 숨졌다.유족들은 보험사를 상대로 사망보험금을 청구했다. 그러나 보험사는 A씨가 직업 변경을 알리지 않아 사망보험금에 대해 상해급수 1급 위험 보험료가 아닌 (보험금이 더 적게 지급되는) 상해 3급 위험보험료로 비례 보상하겠다고 했다. 결국 분쟁으로 번졌다.보험에 가입했더라도 직업 등이 바뀌면 보험료·보험금에 영향을 줄 수 있으니 이를 보험사에 알려야 한다. 한국소비자원이 최근 발간한 중장년층에게서 발생하는 주요 분쟁 사례를 봤을 때, 위의 사례처럼 보험금 산정 기준이 복잡하면 전문가와 소비자분쟁조정위원회 상담·신청을 권했다.이 분쟁의 보험 상품 약관을 보면 ‘계약자 또는 피보험자는 계약을 맺은 후 피보험자가 그 직업 또는 직무를 변경하거나…지체 없이 서면으로 회사에 알리고 보험가입증서에 확인을 받아야 한다’고 명시돼 있다.이에 보험사는 A씨가 직업이 변경됐을 때 통지해야 하는 의무를 다하지 않았다고 주장했다. 그러나 조정위는 A씨가 사고 직전 7개월 동안 일용근로를 한 기록이 확인되지 않은 만큼 A씨가 계속된 일용직 근로자로 보기 어렵다고 봤다.또 질병상해보험 표준약관을 보면 ‘직업 또는 직무가 변경된 경우’의 규정은 직업을 ‘생계유지 등을 위해 일정한 기간 동안(예를 들면 6개월 이상) 계속해 종사하는 일’을 의미, A씨의 일용근로 사실만으로 직업·직무가 변경됐다고 단정하기 어렵다고 본 것이다.[사진 출처 = 연합뉴스]조정위는 관련 경찰서 진술서 등을 봤을 때 A씨의 직업은 전업주부고 지인의 부탁으로 단순 업무(양계장에서 닭을 잡아 케이지에 넣는 일)를 도운 것으로 봤다. A씨가 직업을 가지고 계속적으로 일할 의도가 있었다고 보기 어려우므로 ‘고의 또는 중과실로 사고 발생의 뚜렷한 위험이 현저하게 변경하거나 증가했다’고 단정할 수 없다고 해석했다.이에 조정위는 직업 변경 통지 의무 위반을 이유로 A씨에 대한 보험금 삭감은 부당하다고 판단했다. A씨 유족에게 사망보험금 1억원을 비롯해 자녀 양육비 1000여만원 등 1억1000여만원을 지급하도록 조정했다.다만 이같은 조정안은 양 당사자가 수락하는 경우에만 법적으로 효력이 생긴다. 만약 한쪽에서 거부해서 소송을 한다면, 이미 법적 검토를 거친 만큼 참고 자료로 쓰일 수는 있다.보험업계 관계자는 “보험금은 약관에 따라 지급되지만 같은 보험 상품일지라도 보험사별로 사안에 따라 해석이 다를 수 있다”며 “사전에 약관 등을 꼼꼼히 보거나 분쟁 땐 전문가와의 상담을 권한다”고 설명했다."
“아무나 살 수 없는 공간”… 펜트하우스는 희소성 덕에 팔린다,https://n.news.naver.com/mnews/article/037/0000036681,"사생활 보호, 조망권 강점… 반포 아크로리버파크 35층 180억 거래서울 서초구 반포동 아크로리버파크. 지난해 이 단지 펜트하우스 전용면적 234㎡가 180억 원에 거래됐다. 뉴시스지난해 6월 넷플릭스에 공개된 미국 리얼리티 프로그램 ‘맨해튼 소유하기(Owning Manhattan)’는 글로벌 펜트하우스 시장의 현주소를 생생하게 보여줬다. 뉴욕 부동산중개업자 라이언 서핸트와 그의 팀이 펜트하우스 판매에 매진하는 내용인데, 한 에피소드에 세계에서 가장 높은 주거용 건물인 센트럴파크타워 이야기가 나온다. 서핸트가 이 건물 129~131층에 위치한 트리플렉스(3층 구조) 펜트하우스를 파는 직원에게 커미션으로 1000만 달러(약 139억 원)를 주겠다고 선언하는 것이다. 면적이 1625㎡(약 492평)인 이 주택 가격은 2억5000만 달러(약 3470억 원)로, 3.3㎡당 약 6억7000만 원 수준이다. ‘매달다(appendere)’라는 뜻의 라틴어 단어에서 유래한 펜트하우스는 오늘날 수많은 사람이 ‘매달리는’ 부동산시장의 상징적 존재다.미국·일본의 ‘3000억 원 펜트하우스’펜트하우스는 단순한 주거 공간이 아니다. 세계 초고액 자산가들의 경쟁 무대이자 권력과 부의 상징으로 자리 잡았다. 펜트하우스의 시작은 1920년대로 거슬러 올라간다. 당시 엘리베이터가 등장하며 아파트 최고층이 고급 주택으로 부상했다.한국에선 2000년대 초반 서울 강남구 타워팰리스가 등장하면서 본격적인 펜트하우스 시대가 열렸다. 당시 경기 분당신도시 주상복합의 펜트하우스 분양가는 3.3㎡당 1500만 원으로 주변 시세의 2배에 달할 정도로 인기를 끌었다. 이후 서울 삼성동 아이파크, 반포동 아크로리버파크, 성수동 갤러리아포레 등 초고가 아파트 단지에 연이어 펜트하우스가 들어섰다.최근 글로벌 초고가 주택시장은 지속적인 성장세를 보이고 있다. 영국 부동산 컨설팅 기업 ‘나이트 프랭크(Knight Frank)’에 따르면 지난해 1분기 글로벌 주택시장에서 1000만 달러가 넘는 초고가 주택 거래는 총 417건이었다. 직전 분기 대비 11% 증가한 것으로 2022년 2분기 이후 최대 규모다. 일본 도쿄에선 2023년 부동산개발업체 모리빌딩의 아자부다이힐스 펜트하우스가 2000억 원에 분양돼 화제였다. 미국 부촌인 콜로라도주 애스펀은 100여 명의 억만장자가 주택을 보유한 곳으로 유명한데, 지난 한 해 애스펀에서 이뤄진 3000만 달러(약 416억 원) 넘는 주택 거래만 11건에 달했다. 이 중에는 1억800만 달러(약 1500억 원)에 팔린 주택도 있었다.국내 펜트하우스 시장은 2021년 첫 100억 원 거래를 기점으로 급성장하고 있다. 당시 서울 강남구 청담동 PH129(더펜트하우스 청담) 273㎡(이하 전용면적)가 115억 원에 팔려 역대 최고가 아파트 기록을 세웠다. 지난해에는 반포동 아크로리버파크 35층 펜트하우스 234㎡가 180억 원에 거래됐다. 3.3㎡당 1억8700만 원이라는 놀라운 가격이다.유명 인사가 잇달아 펜트하우스를 사들이는 것도 이목을 끈다. 하형운 메가MGC커피 창업자는 2월 반포동 래미안원베일리 234㎡ 펜트하우스를 165억 원에 매입한 것으로 알려졌다. 인근 110억 원짜리 아크로리버파크 펜트하우스에는 뮤지컬배우 홍광호 씨가 자가로 살고 있다. 방송인 유재석 씨는 강남구 논현동 브라이튼 N40 199㎡ 펜트하우스를 87억 원에 사서 거주 중이다.일본 도쿄 주상복합 ‘아자부다이힐스’. 2023년 이 건물 펜트하우스가 2000억 원에 분양됐다. 동아DB“압구정에 펜트하우스 생기면 300억 원 간다”펜트하우스의 가장 큰 특징은 희소성이다. 아크로리버파크 펜트하우스는 8채로 전체 단지(1612채)의 0.5%에 불과하다. 래미안원베일리(2990채) 펜트하우스는 14채인데 그중에서도 가장 넓은 234㎡는 2채뿐이다. 이 같은 희소성 덕에 펜트하우스 가격은 부르는 게 값이라는 얘기가 있을 정도다. 실제로 반포동 디에이치클래스트는 입주 전임에도 조합원이 보유한 234㎡ 펜트하우스를 사려는 수요자가 적잖은 것으로 알려졌다.펜트하우스의 적정 가치는 얼마일까. 희소성 자산이라는 점에서 시장 가격을 매기는 게 쉽지 않다. 다만 고급 주택을 주로 취급하는 부동산공인중개사들은 “펜트하우스나 고급 주택의 거래 가격은 인근에 있는 아파트 가격의 1.5배 정도”라고 귀띔한다. 가령 압구정동 고급 주택 가격은 압구정동 아파트의 최근 시세인 3.3㎡당 1억6000만~1억8000만 원에 1.5배를 가산해 책정할 수 있다. ‘3.3㎡당 2억 원’ 시대를 맞은 압구정동의 경우 펜트하우스가 지어진다면 300억 원 이상도 가능하리라는 게 부동산업계의 관측이다.일각에선 “한국에서 1000억 원대 펜트하우스가 등장하는 것도 시간문제”라는 말도 나온다. 펜트하우스에 관심이 많고 실제 매입도 가능한 초고액 자산가가 적잖기 때문이다. 나이트 프랭크에 따르면 국내 초고액 자산가(순자산 3000만 달러 이상 보유)는 1만 명으로 세계 13위다. 초고액 자산가가 세계에서 가장 많은 미국(43만9000명)이나 2위 중국(14만3000명), 3위 일본(8만7000명)과 비교하면 아직 그 수가 많지 않지만 증가 속도는 빠르다는 분석이다.펜트하우스는 가격 장벽과 희소성 덕에 소유 자체가 사회경제적 지위를 드러낸다. 고급 주택으로 사생활 보호와 조망권 확보, 보안 등 실용적 기능 면에서 우수할 뿐 아니라, ‘아무나 살 수 없는 공간’이라는 상징성도 지닌다. 앞으로 한국에서도 펜트하우스 공급이 늘고 가격 경쟁도 가속화될 것으로 보인다.*유튜브와 포털에서 각각 ‘매거진동아’와 ‘투벤저스’를 검색해 팔로잉하시면 기사 외에도 동영상 등 다채로운 투자 정보를 만나보실 수 있습니다."
투자수익은 불확실성을 견딘 대가,https://n.news.naver.com/mnews/article/037/0000036680,"[돈의 심리] 모두가 “확실하다”고 할 때는 이미 상승장 끝물A는 30년 가까이 주식투자를 해왔다. 주식시장에는 20년 넘게 주식투자를 하면 돈을 번다는 속설이 있다. 주식투자를 하는데 계속 돈을 잃기만 하면 결국 주식시장을 떠난다. 수익을 얻어야 계속 주식시장에 남아 있게 되니, 20년 넘게 주식을 한다는 얘기는 곧 주식으로 돈을 벌었다는 뜻이다. 물론 잃을 때도 있겠지만, 그래도 전체적으로는 돈을 벌어야 이렇게 오랜 기간 주식시장에 남아 있을 수 있다. 그래서 주식시장에서 목표는 단기간 수익이 아닌, 오래 살아남기라는 말도 있다. 또 주식시장에 오래 있다 보면 주식과 투자에 대해 점점 아는 게 많아져 결과적으로 큰 수익을 올릴 수 있다. 어떤 일이든 20년 넘게 하면 어느 수준에 이르지 않겠나.6억 날린 30년 경력 투자자그런데 A는 이런 속설에서 예외였다. A는 30년 가까이 주식투자를 하고 있는데, 제대로 된 수익을 올리지 못하고 늘 잃기만 했다. 해마다 2000만~3000만 원가량 손해를 봤다. 평생 주식으로 날린 돈이 6억 원이 훌쩍 넘는다. 주식투자만 안 했어도 생활비를 풍족하게 쓰면서 잘살 수 있었을 것이다.A는 자기가 주식을 사면 항상 주가가 내린다고 하소연했다. 주식을 사면 오를 확률이 50%, 내릴 확률이 50%다. 그러니 최소한 주식을 산다면 수익 날 때가 반, 손해 볼 때가 반은 돼야 하는 거 아닌가. 그런데 A는 절대적으로 대부분 손해만 봤다. 20년 넘게 주식투자를 하면서 의미 있는 수익을 올린 건, 그러니까 몇십% 정도 수익을 얻은 건 3~4번밖에 안 된다. 나머지는 전부 손해 아니면 제자리걸음이다. 어쩜 이렇게 계속해서 손해만 볼까. 이건 확률의 법칙에서도 벗어난다. A는 사람에게는 재물운, 소위 재복이라는 게 있다고 결론 내렸다. 재복 있는 사람이나 돈을 벌 수 있지, 그렇지 않은 사람은 뭘 어떻게 해도 안 된다는 것이다.그러다 A의 20년 넘는 주식 거래 내역을 살펴보게 됐다. A는 자신의 거래 내역을 꼼꼼히 잘 기록해왔다. 어떤 종목을 얼마에 사서 언제 얼마에 팔았는지 대부분 적어뒀다. 그 기록들을 훑어보니 그냥 한숨이 났다. 왜 수익이 나지 않고 손해를 보고 팔았는지 따로 분석할 필요도 없었다. 이런 식으로 주식에 투자하면 아마 20년이 아니라 40년, 50년을 해도 수익을 올리기 어려울 것이다.A가 산 주식은 대부분 굉장히 유명한 주식이었다. 대기업 우량주라는 게 아니라, 한때 주목을 끈 기업들이라는 얘기다. 이차전지로 유명했던 주식, 바이오로 유명했던 주식, 4차 산업혁명 관련주로 유명했던 주식, 차화정(자동차·화학·정유)으로 유명했던 주식 등이다. 그리고 이 주식들을 산 시점이 전부 최고가 꼭지 부근이었다. 그러니 주식을 산 다음에 가격이 크게 하락했고, 그때마다 손실을 봤다. 사고 나서 조금 올라도 이내 하락 추세로 바뀌었다. 어쩜 이렇게 꼭지에서만 매수했는지, 이 타이밍을 맞추는 게임이 있었다면 분명 높은 성적을 받았을 테다.A가 왜 매번 꼭지 부근에서 매수에 나섰는지 충분히 이해할 수 있다. 주가가 오르기 전에는 이 주식이 오를지, 안 오를지 알 수 없다. 그러니 그런 주식은 살 수 없다. 또 주가가 오르기 시작한 주식이라 해도 앞으로 계속 오를지, 아니면 다시 내릴지 알 수 없다. 그런 불확실한 주식도 살 수 없다. 그런데 주가가 몇 개월 이상 지속적으로 올랐다. 누가 봐도 주가 그래프가 오름세이고 상승 추세를 타고 있다. 이러면 믿을 수 있다. 한때의 상승이 아니라, 계속 상승할 것으로 보인다.A는 30년 가까이 주식투자를 했지만 “20년 넘게 투자를 계속하면 돈을 번다”는 속설에서 예외였다. GETTYIMAGES공학적 확실성, 투자에는 독더구나 이때쯤에는 언론도 이 종목들에 대해 계속 긍정적인 보도를 한다. 주식 관련 유튜브 채널에서도 이 종목을 추천하면서 앞으로 더 오를 거라고 전망한다. 그래프 모양이 좋고 주식 전문가들도 다 긍정적으로 본다. 이러면 당연히 믿게 되지 않나. 다른 분야에서라면 이런 경우 정말 좋다는 의미다. 하지만 주식, 나아가 투자 분야는 그렇지 않다. 누구나 다 좋다고 하면 끝물이다. 부정적인 사람이 줄어들면 줄어들수록 상승장이 꺾이는 시점이 가까워 온다. A는 모든 사람이 확실하다고 할 때 매수에 들어갔고, 그러니 매수 이후에 주식이 떨어지는 경험을 늘 하게 된 것이다.A의 주식투자 방식은 그의 직업적 배경과도 관련 있어 보인다. A는 교수였다. 그것도 공대 교수였다. 공학에서는 이럴 수도 있고, 저럴 수도 있다는 것을 용납하지 않는다. 작동할 수도 있고, 작동하지 않을 수도 있는 TV를 만들어 팔 수는 없지 않은가. 문자메시지가 90%는 오지만 10%는 오지 않는 스마트폰도 용납할 수 없다. 100% 확실해야만 가치가 있다. 설령 100%는 아니더라도 99.9999%는 돼야 한다. 99%도 안 된다. 99%만 작동하는 스마트폰이라면 한국인 5000만 명 중 50만 명의 스마트폰이 작동하지 않는다. 그런 건 제품 가치가 없다.A는 공학적 확실성을 추구하는 방식으로 주식투자를 했다. 주가 그래프가 누가 봐도 확실히 상승세일 때 관심을 가졌고, 많은 사람이 그 주식으로 큰 수익을 봤을 때 매수했다. 30년 가까이 그런 식으로 투자하다 보니 30년 동안 계속 잃기만 한 것이다. 그렇게 잃으면서도 투자 방법을 바꾸지 못했다. 오랫동안 주식을 보유하는 장기투자로 전환을 시도하기는 했다. 하지만 그의 뜻과 달리 정말 장기로 들고 있지는 못했다. 무엇보다 장기투자는 주가가 낮고 사람들의 관심이 적을 때 사서 길게 보유해야 의미가 있지, 이렇게 크게 널뛰고 유행하는 주식을 사서 장기 보유하는 건 의미가 없다. 이런 주식을 사서 장기 보유하는 건 장기투자가 아니라 그냥 물린 것이다.어쨌든 A의 주식 거래 내역을 보면서 한 가지는 분명히 알 수 있었다. 투자 세계에서 확실한 것은 수익으로 이어지지 않는다는 점이다. 불확실한 것에 투자했을 때 수익이 난다. 투자수익은 불확실성을 견딘 것에 대한 대가다.그렇다고 자신의 생각까지 불확실해서는 안 된다. 나는 확실하다고 생각하지만, 즉 주관적으로는 확실하지만 아직 객관적으로 확실하지 않아야 한다. 내가 주관적으로 생각하기에는 오를 것 같다. 하지만 객관적으로는, 다시 말해 주가 그래프는 오를지 내릴지 알 수 없고, 투자 전문가들의 말도 오락가락하며, 다른 투자자들 생각도 다양해야 한다. 또 당장은 주가가 별로 오르지도 않는다. 이렇게 객관적으로 불확실할 때 그것을 감수하고 투자에 나서야 큰 수익이 생긴다. 객관적으로 확실할 때, 누가 봐도 오르는 추세고 실제로 올랐고 모두가 다 좋다고 하면 끝물이다. A의 투자 결과는 “확실할 때만 투자하는 건 큰 손실과 연결된다”는 점을 분명히 말해주고 있었다.투자 포기하거나 성향 바꾸거나A는 주식 공부를 굉장히 열심히 하는 사람이다. 종목을 연구하고, 거래 내역을 기록하고, 전문가의 말을 듣고, 돈을 내면서 주식을 배우러 다니기도 했다. 설령 대강대강 공부했더라도 30년 가까이 됐다. 그 정도면 다른 사람들이 넘볼 수 없는 내공이 쌓인다. 그런데 그런 공부는 성공적인 주식투자와 별 관계가 없었다. 객관적으로 확실히 오른다고 판단될 때 주식을 사는 A의 투자 방식은 그 모든 공부를 쓸모없게 만들었다. 지식은 아주 많은데, 정작 수익을 내지 못하고 오히려 손실만 계속됐다.A의 손실 원인을 알았지만 “어떻게 하면 A가 수익을 얻을 수 있을까”라는 물음에는 답하기 어렵다. 이건 더 열심히 공부하고 노력한다고 해서 되는 일이 아니다. 확실한 걸 추구하는 성향이 불확실성을 감수하는 쪽으로 바뀌어야 한다. 그런데 그게 바뀔 수 있는 부분인가. 청년기라면 모르겠지만 나이가 든 다음에도 바뀔 수 있을까. A와 같은 사람을 보면 투자에도 적성이 필요한 것 같다. 확실성을 추구하는 사람은 투자에 적합하지 않다. 투자는 할 수 있지만 수익을 얻긴 어렵다. 불확실성을 견딘 사람이 수익을 올릴 가능성이 크다. 투자수익은 불확실성을 감수한 데 대한 보상이다. 확실성을 지향하는 사람은 아예 투자를 하지 않거나, 아니면 본인 성향을 바꿔야 한다. A의 주식 거래 내역을 보면서 든 생각이다.최성락 박사는…서울대 국제경제학과를 졸업하고 서울대 행정대학원에서 행정학 박사학위, 서울과학종합대학원에서 경영학 박사학위를 취득했다. 동양미래대에서 경영학과 교수로 재직하다가 2021년 투자로 50억 원 자산을 만든 뒤 퇴직해 파이어족으로 지내고 있다.*유튜브와 포털에서 각각 ‘매거진동아’와 ‘투벤저스’를 검색해 팔로잉하시면 기사 외에도 동영상 등 다채로운 투자 정보를 만나보실 수 있습니다."
M&A 확대로 미래 동력 다잡는다[삼성이 다시 뛴다③],https://n.news.naver.com/mnews/article/003/0013372292,"삼성 올들어 과감해진 M&A 행보…제2 하만, 누구M&A에 삼성의 위기 탈출과 미래 먹거리도 달려복귀 시 책임 경영도 높아져…이재용표 '신수종' 기대[서울=뉴시스] 정병혁 기자 = 이재용 삼성전자 부회장이 8일(현지 시각) 하만 멕시코공장을 찾아 내부를 둘러보고 있다.(사진=삼성전자 제공) 2022.09.12. photo@newsis.com *재판매 및 DB 금지[서울=뉴시스]이인준 기자 = 이재용 삼성전자 회장이 사법 리스크를 벗어나 본격적인 경영 복귀 시 가장 주목받는 분야는 초대형 M&A(인수합병)을 빼놓을 수 없다.19일 재계에 따르면 삼성전자가 2016년 11월 미국 전장 업체인 하만을 전격 인수하기로 한 데에는 이 회장 의지가 반영된 것으로 알려졌다.당시 인수 금액은 재계 M&A 중 사상 최대였다.이전 최고였던 두산의 밥캣(5조7000억원) 인수대금보다 2배에 달했다. M&A 시장에 내려오는 '독 든 성배'라는 말이 상징하듯, 리스크가 큰 초대형 M&A는 그룹 총수의 결단에 달렸다는 평가다.그 만큼 이 회장이 경영 현장으로 복귀할 경우 삼성전자는 오너 리더십을 바탕으로 더 공격적인 M&A에 나설 수 있다.삼성은 이미 지난해와 올해 M&A 의사결정이 한결 과감해졌다.단적으로 ▲소니오(의료기술) ▲옥스퍼드 시멘틱 테크놀로지스(AI) ▲레인보우로보틱스(로봇) ▲플랙트(공조) ▲마시모(오디오) ▲젤스(헬스케어) 등 6개사를 차례로 인수했다. 하만 인수 이후 오랜 침묵을 깬 것이다.다만 시장 눈높이는 이보다 더 높다. 삼성전자는 최근 6차례의 M&A에서 신성장 기업을 고르게 선점했지만, 여전히 시장에선 '제2의 하만'을 기대하고 있다.이들 기업은 간편결제 ‘삼성페이’의 기반이 된 미국 모바일 결제 업체 루프페이(2015년 2월), 인공지능(AI) 가상비서 ‘빅스비’로 이어진 미국 스타트업 비브랩스(2016년 9월)처럼 시간과 공을 들여 키워야 한다.초대형 '빅딜'은 인수 경쟁도 치열하기 마련이다.삼성전자가 그동안 반도체, 전장(자동차 전기장치) 등 분야에서 수익성과 성장성이 입증된 기업들을 줄기차게 인수하려 했지만 성과를 내지 못한 이유도 이와 무관치 않다.만약 이 회장이 경영에 복귀할 경우 삼성전자의 M&A 속도는 '오너 결정'을 업고, 더 빨라질 수 있다. 이 회장의 과감한 결단이 전문경영인들은 엄두를 내지 못하는 M&A 속도전에 힘을 실을 수 있다.[수원=뉴시스] 김종택 기자 = 삼성전자 제56기 정기 주주총회가 열린 19일 경기도 수원시 수원컨벤션센터에서 열렸다. 이번 주주총회에서는 주주체험 강화를 위해 삼성전자 AI Home, 볼리(Ballie), 차세대 디스플레이, 갤럭시 AI, 의료기기, 하만 전장과 오디오도 전시했다. (공동취재) 2025.03.19. photo@newsis.com삼성 안팎에선 이 회장이 경영 전면에 하루빨리 나서주길 바라는 목소리도 들린다. 등기이사 복귀 요청도 그중 하나다.등기이사는 주주총회를 통해 주주들의 견제를 받으며, 경영 성패에 따른 법적 책임을 진다. 하만 인수 역시 이 회장이 2016년 10월 등기이사로 이름을 올린 지 한 달 만에 나온 결정이다.재계에선 사실상 그룹 총수가 비등기이사로 권한만 행사할 것이 아니라, 최대주주로서 경영 전면에 나서 책임 경영을 보여주는 것이 바람직하다고 본다.이 회장은 2019년 10월 임기 만료로 등기이사에서 물러난 후 6년 가까이 미등기임원을 유지하고 있다. 국내 5대 그룹 총수 중 유일한 미등기임원이다.비주력 사업에 대한 정리도 시급하다.이 회장이 이건희 선대회장이 쓰러진 해 그룹 경영에 참여한 이후 내린 중대 결단 중 하나는 2014년 11월 석유화학 계열사 삼성종합화학과 삼성토탈, 방위산업 부문의 삼성테크윈과 삼성탈레스를 한화그룹에 매각하기로 한 것이다.이같은 '선택과 집중'은 모든 글로벌 기업의 동일한 생존법이다. 이 회장이 이제 사법 리스크를 떨치고 본격 경영에 나서며, 어떤 선택과 집중으로 '뉴 삼성' 청사진을 세울지 주목된다．"
“석화 구조조정만이 대안…사업 매각은 미봉책” [비즈360],https://n.news.naver.com/mnews/article/016/0002501926,"한신평 석유화학산업 하반기 전망기업 11곳 중 6곳 올해 신용등급 하향 조정“업체별 재무부담 안화하는 자구책, 구조조정으로 수익성 개선해야”여수 석유화학 산업단지 전경 [여수시 제공][헤럴드경제=박혜원 기자] 석유화학 업계 구조조정에 속도가 나기 위해선 정부 차원의 개입이 필수적이라는 진단이 나왔다. 중국발 공급과잉으로 구조적인 불황이 길어지는 가운데 비핵심 사업 매각 등으론 미봉책에 그칠 수밖에 없다는 지적이다.19일 업계에 따르면 한국신용평가(한신평)는 최근 발표한 ‘석유화학산업 2025년 정기평가 결과 및 하반기 전망’에서 평가 대상 기업 11곳 중 6개 기업의 신용등급을 하향하거나, 등급전망을 ‘부정적’으로 변경했다.올해 상반기 한신평 평가에서 신용등급이 하향된 기업은 ▷롯데케미칼(AA→AA-) ▷SKC(장기/A+→A) ▷SK어드밴스드(A-→BBB+) ▷효성화학(BBB+→BBB)다. 이외에 HD현대케미칼은 등급전망이 ‘안정적’에서 ‘부정적’으로, SK지오센트릭은 자체신용도를 ‘AA-’에서 ‘A+’로 하향 조정됐다.석유화학 기업들 중에서도 에틸렌 등 올레핀 계열 생산 비중이 높은 기업들의 실적이 부진하면서 신용등급에도 영향을 줬다. 올레핀 계열은 가격 경쟁력이 핵심인 범용 제품이라 중국발 공급과잉 직격탄을 맞았다.한신평은 “범용성 올레핀 제품 생산 비중이 높은 롯데케미칼, 여천NCC, SK어드밴드스, 효성화학의 저조한 실적이 이어졌고, 2025년에도 해당 업체들의 신용등급 하향 기조가 지속됐다”고 설명했다.최근 석유화학 업체들은 저조한 수익성을 개선하기 위해 기존 사업을 매각하거나 생산라인을 중단하고 있다. LG화학은 지난달 워터솔루션(수처리 필터)사업을 매각해 1조4000억원을 매각했다. 롯데케미칼도 수처리 사업을 매각하고 해외 자회사 지분도 매각해 1조7000억원의 현금을 조달했다.다만 한신평은 업황 불황이 계속되는 점을 고려하면 이같은 유동성 확보 효과도 제한적일 것이라고 봤다. 한신평은 “현재와 같은 비우호적인 수급환경 하에서는 자구책의 효과가 수익성보다는 재무안정성 개선 측면으로 나타날 가능성이 높다”고 진단했다.이같은 위기 상황을 타개할 유일한 대안으로 꼽히는 ‘업계 구조조정’에 속도가 나기 위해선 결국 정부 개입이 필수적이라는 게 한신평 진단이다.정부가 지난해 내놓은 ‘석유화학산업 경쟁력 제고 방안’은 업체 간 자율 구조조정을 유도하고 세제 혜택을 지원한다는 내용에 그쳤다. 이후 업계에선 구체적인 후속 대책을 요구하고 있지만 새정부 출범 등으로 시점이 늦춰지고 있다.한신평은 “석유화학 산업의 신용도 하향 압력 해소를 위해서는 보다 근본적이고 빠른 속도의 산업 내 구조조정이 요구된다”며 “유럽, 일본의 노후 설비 폐쇄도 중국의 증설과 2026년 하반기 국내 S-Oil 샤힌 프로젝트 생산 개시 등을 감안하면 추가적인 구조조정 성과 없이는 수급 개선이 쉽지 않을 전망”이라고 지적했다.이어 “정부 차원의 움직임이 진행 중이지만 추진 속도는 기대만큼 빠르지 않다”며 “결국 업체별 재무부담 완화를 위한 자구책과 더불어 산업 구조조정을 통한 수익성 개선이 동반되어야 비로소 석유화학 산업의 신용도 하향 압력이 완화될 수 있을 것이나, 단기간 내 달성하기 쉽지 않은 과제로 보여 국내 석유화학 산업의 신용도 전망은 여전히 부정적”이라고 덧붙였다."
"""친구 많을수록 좋다""…이재용 네트워크 뜬다[삼성이 다시 뛴다②]",https://n.news.naver.com/mnews/article/003/0013372290,"이재용 글로벌 인맥 재조명…선진국부터 신흥국까지글로벌 네트워크에 새로운 비즈니스 기회로 연결美 정·재계 인맥 주목…지정학적 변수, 해법 실마리[서울=뉴시스] 젠슨 황 엔비디아 CEO와 만난 이재용 삼성전자 회장. (사진=사와스시 페이스북 갈무리) 2023.06.09. photo@newsis.com  *재판매 및 DB 금지[서울=뉴시스]이인준 기자 = 삼성전자 글로벌 네트워크의 정점에는 당연히 이재용 삼성전자 회장이 있다.이 회장은 오랜 기간 각국 정·재계 인사들과 인맥을 형성했다. 이 회장이 국제 무대에서 쌓은 이 네트워크는 이제 사법 리스크가 해체된 상황에서 삼성의 또 다른 경쟁력으로 진가를 발휘할 수 있다.19일 재계에 따르면 이 회장은 미국, 유럽, 일본 등 선진국은 물론, 인도와 중동 등 신흥 시장에서 쌓은 글로벌 인맥왕으로 통한다.당장 이 회장은 젠슨 황 엔비디아 CEO는 물론 마크 저커버그 메타 CEO, 크리스티아누 아몬 퀄컴 CEO 등 미국 빅테크 큰 손들과 가깝다.바이오 시장을 선도하는 호아킨 두아토 J&J CEO, 크리스토퍼 비에바허 바이오젠 CEO 등과도 친분을 이어오고 있다.유럽에서는 BMW 등 독일 완성차 업계는 물론 반도체 EUV(극자외선) 노광장비 업체인 네덜란드 ASML 경영진과도 꾸준히 교류하고 있다. 피터 베닝크 ASML 전 CEO와는 지난해 파리 올림픽에서 함께 경기를 관람하는 모습이 포착되기도 했다.이 회장은 일본 게이오대 유학파 출신으로 일본 재계와도 활발히 교류하고 있다.도쿠라 마사카즈 일본경제단체연합회(경단련) 회장(스미토모화학 회장)은 이건희 선대회장과도 인연이 깊어 반도체와 스마트폰 분야에서 협력을 지속하고 있다.이 회장은 삼성의 일본 내 협력회사 모임인 'LJF(Lee Kunhee Japanese Friends)' 정례 교류회를 주재하는 등 한일 재계 협력을 이끄는 '대화 창구'로 통한다.[바라카=뉴시스] 전신 기자 = 이재용 삼성전자 회장과 셰이크 만수르 빈 자예드 알 나얀 아랍에미리트 부총리가 16일(현지시간) 바라카 원자력 발전소 현장에서 열린 3호기 가동식에서 대화를 나누고 있다. 2023.01.16. photo1006@newsis.com이 회장, 글로벌 네트워크로 사업 협력 '앞 장'신흥 시장에서 그의 인맥은 웬만한 외교관 이상으로 꼽힌다.단적으로 이 회장은 무함마드 빈 자이드 알 나하얀 UAE 대통령과 그의 동생 '만수르' 부총리와 오랜 친분을 쌓았다. 그가 2022년 회장 취임 이후 첫 해외 출장을 떠난 지역도 바로 UAE다.그는 인적 네트워크가 비즈니스에서 반드시 성공하는 것은 아니지만 긍정론을 갖고 있다.이 회장은 지난 2023년 일본 출장길에서 기자들과 만나 ""살아보니까 친구는 많을수록 좋고, 적은 적을수록 좋다""고 강조한 바 있다.글로벌 네트워크가 사업 협력으로 이어진 사례도 많다.이 회장은 인도에서 무케시 암바니 릴라이언스 그룹 회장과 연이 깊다. 이 회장은 암바니 회장의 자녀들이 결혼할 때마다 국내 기업인 중 유일하게 초청 받아 인도를 찾았다. 암바니 회장이 이끄는 회사 중 하나인 릴라이언스 지오는 인도 최대 통신사로, 삼성 네트워크사업부와 협력을 지속하고 있다.재계 관계자는 ""삼성전자의 네트워크 사업의 대형 계약 체결이나 신규 시장 진출 과정에서 'JY 네트워크'가 큰 역할을 하는 경우가 많다""고 밝혔다.이 회장은 최근에도 빠르게 성장하는 중국 샤오미, BYD 등 주요 기업의 총수들과 만나 비공식 협력 채널을 가동한 것이 언론에 노출된 바 있다.【김포공항=뉴시스】배훈식 기자 = 이재용 삼성전자 부회장이 7일 오후 김포국제공항을 통해 반도체 필수 소재 수출 규제 해결 방안 모색 차 일본으로 출국하고 있다.  2019.07.07. photo@newsis.com지정학적 변수 해법에 글로벌 네트워크가 '실마리'이 회장 네트워크는 반도체 시장을 둘러싼 지정학적 변수가 커지는 상황에서, 해법 마련에도 기여할 수 있다.이 회장은 앞서 2016년 당시 도널드 트럼프 당선인이 주최한 기업 대표 간담회에 유일하게 초청된 해외 기업인이다. 하지만 이 회장은 당시 국정농단 사태로 수사를 받는 상황이어서 끝내 불참했다.최근 미국 시장을 둘러싼 관세 등 불확실성이 커지는 상황에서, 이 회장이 미국에서 주요 관계자들을 만나 한국 재계 의견을 적극 표명해주길 기대하는 시각도 있다.삼성전자 역시 미국 텍사스주 테일러시에 파운드리 공장을 짓고 있는데, 미국 행정부가 약속한 생산 보조금 지급과 관련한 불확실성이 있는 상태다．"
[청기홍기]원전으로 주목받는 건설업종…현대건설 목표주가↑,https://n.news.naver.com/mnews/article/648/0000038034,"한주간 증권가 목표주가 상향·하향 종목 리뷰삼성물산·현대·대우건설 등 목표가 일제히 상향제약·바이오 목표가 하향…종근당·JW중외제약이재명 정부가 원자력 발전소와 재생에너지 병행 확대를 통한 '조화로운 에너지 구성'을 정책 기조로 내세운 가운데 건설 업종이 주목받고 있다. 현대건설은 불가리아와 미국 등에 원전과 SMR(소형모듈원전)을 건설할 예정이다.원전 기대감에 건설주 목표가 상향이상호 교보증권 연구원은현대건설에 대해 ""건축·주택 부문의 높은 이익 기여도가 지속할 것""이라며 목표가를 9만2000원에서 9만7000원으로 올렸다.이 연구원은 ""전국적으로 분양 물량이 감소한 상황에서도 압도적인 브랜드 선호도를 기반으로 공급 경쟁력을 유지 중""이라며 ""대출규제로 부동산에 단기적인 영향은 있겠으나 분양에는 제한적일 것""이라고 말했다.이재명 정부는 지난 6월 27일 부동산 대출 규제 방안을 발표했다. 수도권 및 규제 지역 내 주택 구입 목적의 주택담보대출 한도를 6억원으로 설정하고 대출 만기도 30년 이내로 제한하는 것이 골자다.그는 ""대출규제에 따른 제한적 영향은 있겠지만 분양 수요는 여전히 견조하다""며 ""도시정비사업 이주비 대출규제에도 건설사의 자체 금융조달 지원을 통해 비용 해결 방안을 고려함에 따라 분양 심리에는 긍정적인 영향을 줄 것""이라고 말했다.현대건설은 올해 말부터는 원전과 소형모듈원전(SMR) 사업의 실적 인식도 본격화할 것으로 보인다. 이 연구원은 ""웨스팅하우스와 협업해 진행 중인 불가리아 코즐로두이 7·8호기 원전은 4분기 본계약이 예상된다""며 ""홀텍과 협업하는 SMR 사업은 미국 펠리세이즈 부지에 SMR300 설치를 통해 본격화하고 4분기 기본 설계를 완료할 계획""이라고 설명했다.신대현 키움증권 연구원도 원전 시장 확대를 이유로현대건설목표가를 7만6000원에서 10만2000원으로 올렸다. 신 연구원은 현대건설에 대해 ""기한·예산 이내(On Time Within Budget) 원전을 시공할 수 있는 글로벌 업체""라고 호평했다.현대건설은 현재 △불가리아 원전 EPC(설계·조달·시공) 본계약(140억 달러) △슬로베니아 JEK2 원전(120억 달러) △핀란드 포튬사 신규 원전(미정) 등을 목표로 하고 있다. 중장기적으로는 유럽에서 중동·미국 등으로 시장을 확대할 계획이다.장문준 KB증권 연구원은삼성물산목표가를 19만원에서 22만원으로 올렸다. 장 연구원에 따르면 삼성물산은 현재 SMR 개발사인 뉴스케일·GVH와 각각 프로젝트를 추진하고 있다.그는 ""원전, 발전분야에서의 경쟁력을 바탕으로 다양한 SMR 개발사와 협업 중인 점이 인상적""이라며 ""향후 SMR 시장 확장할 때 원자로 노형과 상관없이 가장 유연하게 대응하는 설계·조달·시공(EPC)기업이 되겠다는 전략""이라고 말했다.장윤석 유안타증권 연구원은GS건설에 대해 ""원가율 개선에 따른 실적 성장이 2분기부터 개선될 것""이라며 목표가를 2만8000원에서 3만원으로 올렸다. 또 신대현 키움증권 연구원은대우건설에 대해 ""주가를 눌러왔던 해외수주와 공사 지연이 해결되는 중""이라며 목표가를 4600원에서 5000원으로 상향 조정했다.종근당·JW중외제약·동아에스티, 목표가 하향김혜민 KB증권 연구원은종근당의 수익성이 악화했다며, 목표가를 13만원에서 11만원으로 내렸다.김 연구원은 종근당의 2분기 매출액을 전년 대비 10.4% 증가한 4250억원, 영업이익은 27.5% 감소한 206억원으로 추산했다. 2분기 기존 제품액의 매출액이 느는 가운데 신규 품목도 늘면서 외형은 성장할 전망이다. 그러나 원가율이 높은 제품 비중이 증가하면서 이익은 둔화할 것으로 봤다.그는 ""글리아티린(뇌기능 개선제), 아토젯(고지혈증 치료제), 딜라트렌(고혈압·심장질환 치료제) 등이 꾸준히 성장하면서 매출 증가를 이끈 것""이라면서도 ""신규 성장동력으로 자리매김하고 있는 고덱스(간기능 개선제)와 펙스클루(위식도역류질환 치료제) 등의 매출 비중이 증가하는 가운데 원가율이 70%에 달해 영업이익은 감소한 것""으로 분석했다.이지수 다올투자증권 연구원은JW중외제약목표가를 3만8000원에서 3만4000원으로 내렸다.그는 ""JW중외제약의 2분기 연결기준 매출액을 지난해 동기 대비 11.4% 증가한 1920억원, 영업이익은 97.9% 늘어난 230억원으로 각각 추정한다""며 ""영업이익 컨센서스(259억원)를 11.1%가량 밑도는 수치""라고 말했다.의료 파업의 영향으로 기초 수액제 매출이 감소한 가운데 안구건조증 일반의약품 '프렌즈'의 판매채널을 온라인으로 변경함에 따라 일반의약품(OTC) 매출이 감소할 전망이다.이 연구원은동아에스티목표가도 7만원에서 6만5000원으로 낮췄다. 그는 ""동아에스티의 2분기 별도 매출액은 전년 대비 2.5% 증가한 1732억원, 영업이익은 12.9% 감소한 61억원으로 추정한다""고 밝혔다.영업이익 컨센서스(85억원)를 28% 이상 밑도는 수치다. 그는 ""박카스의 수출이 감소한 가운데 자큐보(위식도 역류질환 신약), 타나민(뇌말초순환 개선제) 등 원가율이 높은 신규 도입 품목의 매출이 확대하면서 수익성이 악화했다""고 설명했다.[청기홍기]의 모든 콘텐츠는 투자 권유, 주식가치의 상승 또는 하락을 보장하지 않습니다. 참고용으로 봐주세요!"
HBM 이어 파운드리 재건이 핵심 과제[삼성이 다시 뛴다①],https://n.news.naver.com/mnews/article/003/0013372287,"'뉴 삼성' 본격 출항…이재용 회장, 경영 시험대 올라반도체 위기 탈출 급선무…HBM 경쟁력 회복에 달려파운드리 고객 확보 위한 이 회장 역할론 기대 커져[서울=뉴시스] 정병혁 기자 = 이재용 삼성전자 회장이 30일 서울 중구 신라호텔에서 열린 2025년 삼성호암상 시상식에 참석하고 있다. 2025.05.30. jhope@newsis.com[서울=뉴시스]이인준 기자 = 이재용 삼성전자 회장의 '사법 리스크' 해소로 '뉴 삼성'이 본격 닻을 올린다.이 회장의 경영 능력이 또 한번 시험대에 서는 것이다.이 회장은 이건희 선대회장이 쓰러진 2014년 5월 이후 사실상 그룹 경영의 최정점에 올랐지만, 뜻을 펴보기도 전에 '국정농단' 사태가 터지고, 10년째 사법 리스크로 활동에 큰 제약을 받았다.시장에서는 '반도체 위기 탈출'을 이 회장의 가장 중대한 향후 과제로 평가한다.특히 삼성전자가 고대역폭메모리(HBM) 시장의 무한 경쟁 시대를 열 수 있을지 주목한다. 이 회장이 ""꼭 키우고 싶다""고 강조했던 파운드리(반도체 위탁생산) 사업의 재건 여부도 초미의 관심사다.19일 업계에 따르면 최근 삼성전자 위기론의 가장 뼈아픈 대목은 HBM 호황기에 삼성이 홀로 뒤처졌다는 점이다.HBM은 D램 여러 개를 수직으로 쌓은 새로운 형태의 D램이다. 불과 수년 만에 AI(인공지능) 반도체용 메모리로서 대체 불가능한 입지를 다졌다. 일명 '엔비디아' 효과 덕분이다.업계에선 ""이렇게까지 잘 될 줄 몰랐다""는 말도 있지만, 시장 평가는 냉정하다. 삼성전자가 현 상황을 자초했다는 것이다.피 말리는 기술 경쟁을 벌이는 첨단 산업에선 '시장 선점'은 곧 성공 공식이다.아무리 뛰어난 기술이라도 주도권을 한 번 내주면, 다시 찾는 것은 불가능한 일이다. 삼성전자의 HBM 사업이 현재 그렇다.HBM 시장 경쟁은 현재 '원사이드' 게임 양상을 띠고 있다. 올해 1분기 기준 SK하이닉스가 시장의 70% 이상을 차지한다.삼성전자는 D램 부문에서 33년 연속 1등인데, 유독 D램을 쌓아 만드는 파생 제품인 HBM 시장에서는 기를 펴지 못하고 있다.반면 SK하이닉스는 HBM 주도권 확보 이후 '레벨 업'을 거듭하는 모습이다. D램은 물론 메모리 매출 순위에서도 삼성전자보다 우위에 있다. 삼성전자는 심지어 D램 업계 3위인 미국 마이크론에도 쫓기는 모습이다.이재용 회장 리더십 강화, 반도체 사업 살린다'잠자던 사자'가 다시 뛸 수 있을까. 이 회장의 경영 복귀는 최근 삼성전자를 둘러싼 변화의 바람과 맞물려 어느 때보다 시장의 기대를 끈다.무엇보다 삼성전자를 둘러싸고 최근 변화의 기류가 감지되는 상황에서 사법 리스크를 푼 이 회장이 어떤 역할을 할 지 주목된다.삼성전자는 엔비디아에 HBM3E 12단 제품을 납품하려는 시도를 이어가는 한편, 차세대 HBM4에서 선두업체와 격차를 좁힌다는 방침이다.이를 위해 HBM 생산에 차세대 1c(10나노급 6세대) D램 공정을 선제 도입하는 등 경쟁사 제품들과 차별화를 시도한다.메모리는 세대가 진화할수록 성능과 효율성이 개선될 수 있다. 하지만 그만큼 공정 난도가 높아 수율(결함 없는 합격품의 비율) 관리가 변수다. 어떨 때는 최신 공정으로 만든 칩이 기존 공정보다 성능이 떨어질 수도 있다.일각에선 삼성전자가 자칫 '늪에 빠진 여우'가 될 수 있다는 분석도 내놓는다. 한 번 선택을 잘못한 이래 계속된 실패로 곤경에서 빠져나오기가 더 어렵다는 것이다.하지만 총체적 위기를 맞을수록 이 회장의 등판이 새로운 리더십을 발휘할 수 있다는 목소리도 만만치 않다.TSMC ‘높은 벽’…삼성전자 생존법 찾을까삼성전자의 또 다른 아킬레스 건인 파운드리 사업 재건 여부도 마찬가지다.지난 2019년 이 회장은 2030년까지 시스템 반도체 세계 1위를 달성하겠다는 목표를 정했는데, 아직까지 실현 가능성은 낮다.현재 세계 1위인 대만 TSMC의 파운드리 시장 점유율은 올해 1분기 기준 67.6%에 달한다.이 회장이 '시스템반도체 비전 2030'을 발표했던 당시와 비교하면 격차가 되레 더 벌어졌다. 삼성전자 점유율은 최근 8.1%에서 7.7%로 0.4%포인트 또 하락했다.두 회사의 격차는 59.9%에 달한다. 이 회장이 반도체 산업을 챙기지 못하는 동안, 파운드리 산업을 둘러싼 환경들이 급속도로 달라진 것이다.삼성전자 입장에선 TSMC와 경쟁하기보다는, 독자적인 생존 노선을 구축해야 한다는 지적이다.삼성전자는 최근 반도체 생태계 내실을 다니는데 집중하고 있다. 기존 고객과 협력사 간 연대에 관심을 쏟는 것이다. 그동안 대내외에 첨단기술을 알리는 데 골몰한 나머지, '독불장군 같다'는 평가를 받던 삼성전자가 이제 협력을 고민하는 모습을 보이며 반전을 노리고 있다.업계 관계자는 ""이 회장이 파운드리 사업을 분사할 계획이 없으며, 오히려 사업을 키우고 싶다고 밝히고 있는 만큼 사업이 지속될 가능성이 크다""며 ""고객 확보에 명운이 달린 파운드리 산업에서 이 회장이 어떤 역할을 할 지 기대된다""고 말했다．"
"""연일 무더위에 비도 오는데…"" 초복 보양식 집에서 장보고 배송 받아볼까",https://n.news.naver.com/mnews/article/003/0013372284,"배민B마트, 초복 초특가 최대 59% 할인컬리, 여름 보양식 360종 최대 50% 할인편의점 업계도 삼계탕·장어 간편식 선봬[서울=뉴시스]배달의민족(배민) 운영사 우아한형제들은 배민B마트에서 복날 인기상품 300여 종을 최대 59% 할인 판매하는 '초복 초특가' 행사를 진행한다고 18일 밝혔다. (사진=우아한형제들 제공) *재판매 및 DB 금지[서울=뉴시스]이주혜 기자 = 초복(7월20일)을 맞은 가운데 유통업계가 집에서 보양식을 즐길 수 있는 할인전을 선보인다. 집으로 간편 보양식이나 건강 식재료를 배송받거나 집 앞 편의점에서 보양식을 즐길 수 있다.19일 유통업계에 따르면 배달의민족의 장보기 서비스 '배민B마트'가 초복을 맞아 복날 인기 상품을 300여 종을 할인 판매하는 '초복 초특가' 행사를 오는 20일까지 진행한다.이번 행사에서는 여름철 건강 관리와 원기 회복을 위해 고객들이 자주 찾는 식품 300여개를 저렴한 가격에 제공한다.삼계탕 등 보양식부터 정육, 제철과일, 간편식 등 복날 인기 상품을 최대 59%까지 할인한다. 삼계탕 조리에 많이 쓰이는 하림 생닭 6호(500g) 2마리는 4890원에 판매한다.이벤트 페이지에 방문한 모든 고객에게는 총 7000원 상당의 쿠폰팩(4000원·3000원)을 제공할 예정이다.배민B마트는 배민이 운영하는 '퀵커머스' 서비스로 신선식품부터 생필품, 소형가전까지 다양한 상품을 1시간 안에 배달한다.서울뿐 아니라 경기 및 인천, 대구, 부산 등 전국으로 서비스 지역을 넓혀가고 있다.[서울=뉴시스] 리테일 테크 기업 컬리가 여름 보양식 360여 품목을 최대 50% 저렴한 가격에 즐길 수 있는 원기 회복 대전을 진행한다고 14일 밝혔다. (사진=컬리 제공) *재판매 및 DB 금지컬리는 여름 보양식 360여 품목을 최대 50% 저렴한 가격에 즐길 수 있는 '원기 회복 대전'을 오는 30일까지 진행한다.복날 식재료부터 보양 간편식, 여름 맛집 레스토랑 간편식(RMR) 등을 샛별배송으로 신선하게 만나볼 수 있다.'닭의 모든 것' 카테고리에서는 컬리온리(Kurly Only) 백숙용 반마리와 자연실록 무항생제 삼계용 두 마리 통닭, 컬리스(Kurly’s) 동물복지 닭 볶음탕용 등 삼계탕과 복날 식재료, 간편식 등을 편리하게 구매할 수 있다.줄 서는 여름 맛집 간편식도 집에서 즐길 수 있다.조선호텔 삼계탕과 워커힐 명월관 갈비탕, 경복궁 블랙(BLACK) 사골 도가니탕, 어보그로서리 기장 연화리 가마솥 전복죽 등을 합리적인 가격에 준비했다.이색 보양식과 식재료도 있다. 툭툭누들타이 랭쎕과 폰타나 로스티드 치킨 토마토 스튜, 콜린스다이닝 전복솥밥 키트, 올쿡 버섯 들깨탕, 달래해장 속풀리게 맑은 대구지리탕 등을 특가로 판매한다.컬리 자체 수산 브랜드 포트럭에서는 서해에서 자란 강화 손질 갯벌장어 특대 2종과 남해안 낙지 2종, 남해안 자연산 전복, 국산 데친 돌문어 2종 등을 할인된 가격으로 접할 수 있다.[서울=뉴시스]GS리테일은 오는 초복(20일)을 맞아 즉석 보양식 상품 라인업과 행사를 마련했다고 9일 밝혔다.(사진=GS리테일 제공) *재판매 및 DB 금지집 앞 편의점에서도 간편 보양식을 만나볼 수 있다.GS리테일이 운영하는 편의점 GS25는 초복을 맞아 '닭다리누룽지삼계탕(6900원)'을 선보였다. 국내산 닭다리 2개와 인삼, 누룽지를 넣었으며 전자레인지로 간편하게 조리할 수 있다.BGF리테일의 편의점 CU는 장어를 활용한 보양식을 내놓았다. '통 민물장어 정식(9900원)'은 밥 위에 달걀지단을 올리고 그 위에 데리야끼 양념을 발라 구운 민물장어 한 마리를 통째로 얹어 덮밥 형태로 즐길 수 있다.세븐일레븐이 하림과 협업해 출시한 '세븐셀렉트 영양반계탕'은 국내산 닭 반 마리와 수삼, 찹쌀을 사용했다. 닭다리와 찹쌀 누룽지, 인삼이 들어간 '목우촌 생생누룽지닭다리삼계탕'은 오는 21일까지 1+1행사를 진행한다."
52년만의 최대 낙폭…달러 위상 흔들리나,https://n.news.naver.com/mnews/article/003/0013372279,"[서울/뉴시스] 미국 달러화 지폐.2025.01.07. *재판매 및 DB 금지[서울=뉴시스]남주현 기자 = 달러의 기축통화 위상이 흔들리고 있다. 올해 상반기에만 달러값이 11% 가까이 추락하며 52년 만에 최대 낙폭을 기록하면서다. 향후 달러의 안전자산 지위가 약해지며 달러값이 더 떨어질 것이라는 시각이 나오는 가운데 대체통화가 없다는 의견도 만만치 않다.19일 금융권에 따르면 달러지수(DXY)는 올해 상반기 동안 10.8% 하락했다. 올해 초 110선에 육박했던 달러지수는 6월 말에는 96.76까지 떨어졌다. 상반기 중 달러가 이처럼 큰 폭으로 약세를 보인 것은 1973년 금본위제 폐지 이후 52년 만에 처음이다.달러지수는 유로화와 일본 엔화, 영국 파운드, 캐나다 달러, 스웨덴 크로나, 스위스 프랑 등 6개국 통화대비 달러의 상대적 가치다. 100보다 낮으면 상대적으로 달러 약세를, 높으면 달러 강세를 의미한다.달러 값은 지난해 11월 트럼프 대통령 당선 이후 미국의 금리 인하 기대와 함께 가파르게 떨어지고 있다. 고립주의적 무역정책과 감세에 따른 국가 부채 증가 등 재정 건전성 우려에 트럼프 관세 불확실성까지 달러의 지위를 끌어내리는 요인으로 꼽힌다.여기에 파월 의장 해임 요구 등 연준의 통화정책 독립성 훼손까지 더해졌다. 신용평가가 무디스가 지난 5월 재정적자를 이유로 미국의 신용등급을 한단계 강등한 점도 기축통화로 인식됐던 달러의 위상이 더욱 흔들리게 된 계기가 됐다. 여기에 미국의 경기 균열 우려도 추가됐다.한 외신의 경제학자 49인 설문조사에서 응답자의 90% 이상이 5~10년 내 달러의 안전자산 역할이 약해질 것으로 답했다. 이는 그대로 달러의 추가 가치 하락 전망으로 이어진다. 7월 들어 달러지수의 소폭 반등에 대해서도 기술적 반등으로 하방 압력이 여전하다는 의견이 나온다.해외투자은행(IB) 모건스탠리는 지난달 달러지수가 향후 1년 내로  9% 가량 추가 하락해 91선 수준까지 내려갈 것이라는 예측을 내놨다. 이보다 앞서 5월에는 JP모건이 달러가 중기적인 관점에서 10~20% 하락 여지가 있다고 내다봤다.이런 가운데 한은은 최근  '미 자산시장 평가 및 글로벌 투자자금 재편 가능성 점검' 보고서를 통해 ""미국 달러의 안전자산 지위에 대한 의문이 제기되지만 달러를 대체할 통화가 없다""는 진단을 내놨다. 아울러 장기적으로 미국으로의 자금 유입세가 지속될 것이란 전망도 내놨다.미국의 경제적 위상과 달러의 글로벌 지배력을 고려할 때 대체통화나 자산을 찾기가 현실적으로 어렵다는 점에서다. 최근 미국에서 채권 자금이 유출되고, 가상화폐와 금 등으로 자금 유입이 확대되고 있지만, 장기적인 관점에서는 안전자산으로서의 달러 지위를 되찾을 것이란 의견이다.보고서는 미국의 채권시장 규모가 압도적인데다가 글로벌 외환보유액과 국제결제량, 외환거래량 등에 있어 달러 사용 비중이 다른 국가를 크게 상회한다는 점에서 장기적인 관점에서 미국으로의 자금 유입세가 지속될 것으로 보인다. 이는 그대로 달러에 힘을 싣게 된다.실제 지난해 말 기준 미국채권의 글로벌 비중은 40.2%며, 달러 사용 비중은 57.8%, 국제결제량은 49.7%에 달한다. 대체자산으로 평가되는 유로화는 AAA급 국채가 부족하고, 위안화는 낮은 시장 개방도, 금은 보관과 유통의 어려움이 있다. 암호화폐는 높은 가치변동성을 문제로 꼽았다.한은 관계자는 ""장기적 관점에서 달러를 대체하기는 어렵다는 점에서 달러 자산의 지위가 약화될 가능성은 크지 않다""며 ""글로벌 투자자금의 투자처가 다변화되고는 있으나 앞으로도 미국으로의 자금 유입세는 지속될 것""이라고 했다．"
이재용 삼성전자 회장 '무죄' 확정 外[금주의 산업계 이슈],https://n.news.naver.com/mnews/article/003/0013372286,"[서울=뉴시스] 홍효식 기자 = 일본 출장을 마친 이재용 삼성전자 회장이 9일 서울 강서구 김포비즈니스항공센터(SGBAC)로 귀국하고 있다. 2025.04.09. yesphoto@newsis.com[서울=뉴시스]美 다녀온 이재용 ""여러 일정 소화…열심히 하겠다""미국 출장길에 올랐던 이재용 삼성전자 회장이 지난 14일 오전 귀국했다. 이 회장은 지난 9~13일 미국 아이다호주 선밸리에서 열린 '선밸리 콘퍼런스(The Allen & Company Sun Valley Conference)'에 참석한 뒤 이날 복귀했다그는 귀국길에 해외 출장이 어땠는지에 대한 질문에 ""여러 일정을 하느라 피곤하다"", ""(하반기 실적 개선을 위해) 열심히 하겠다""고 밝혔다.이 회장은 지난 17일 열린 삼성물산·제일모직 부당합병, 이른바 '불법승계' 의혹 사건에 대한 무죄가 확정됐다. 이에 햇수로 10년 만에 사법 리스크가 종결됐다. 삼성전자는 별다른 입장을 밝히지 않았지만, 이 회장 뿐 아니라 전현직 삼성 경영인들의 명예가 뒤늦게나마 회복된 데 대해 담담한 마음으로 감사하게 받아들인 것으로 전해졌다.[경주=뉴시스] 이무열 기자 = 최태원 대한상공회의소 회장이 16일 경북 경주시 라한셀렉트 호텔에서 열린 제48회 대한상공회의소 하계포럼 in 경주에서 개회사를 하고 있다. 2025.07.16. lmy@newsis.com최태원 ""APEC CEO 서밋, 韓 경제 저력 보여줄 대형 쇼케이스""최태원 대한상공회의소 회장이 지난 16일 '제48회 대한상의 하계포럼'에서 개회사를 통해 오는 10월 경북 경주에서 열리는 '2025 아시아태평양경제협력체(APEC) 최고경영자(CEO) 서밋'에 대해 한국 경제의 저력을 보여줄 수 있는 기회라고 강조했다.최 회장은 최 회장은 ""APEC 정상회의가 한국 민주주의의 회복을 알리는 역사적 이벤트라면, APEC CEO 서밋은 한국 경제의 저력을 보여줄 대형 쇼케이스가 될 것""이라고 기대감을 드러냈다.최 회장은 오는 18일 'APEC CEO 서밋' 개최를 위해 국회 APEC 지원 특별위원회 위원들과 점검회의에 나설 예정이다.[평택=뉴시스] 김종택 기자 = 도널드 트럼프 미국 대통령이 7일(현지시간) 한국과 일본 등 14개국에 최소 25%에서 최대 40%에 이르는 국가별 상호관세를 적시한 '관세 서한'을 보내 이를 8월1일부터 부과하겠다고 통보했다.트럼프 대통령은 이날 무역 상대국들에 대한 상호관세 부과 유예 시한을 기존의 7월9일에서 8월1일까지로 연장하는 행정명령에도 서명했다. 사진은 8일 경기 평택시 포승읍 평택항에 컨테이너가 쌓여있는 모습. 2025.07.08. jtk@newsis.com美, 멕시코 30% 관세 발표…삼성·LG, 가전 우회수출 비상미국 정부가 그 동안 상호관세 대상에서 빠졌던 멕시코에도 내달부터 30%의 관세를 부과하겠다는 의지를 밝히면서 국내 가전 업계가 비상이 걸렸다.멕시코는 미국·멕시코·캐나다 무역협정(USMCA)의 적용을 받는 품목은 관세 면제 대상이다. 하지만 USMCA도 재협상이 추진 중인 것으로 알려져, 관세 불확실성이 국내 가전 업계를 포위하고 있는 상황이다. 만일 관세가 현실화하면 직접적인 타격이 불가피하다. 현재 양사는 관세로 인한 예상 비용 등 각종 영향을 검토 중인 것으로 알려졌다.[서울=뉴시스] '경영계의 오스카'라 불리는 싱커스50의 '세계에서 가장 영감을 주는 리더 50인'에 뽑힌 장재훈 현대차그룹 부회장. (사진=싱커스50 홈페이지) 2025.07.14 photo@newsis.com *재판매 및 DB 금지[단독]장재훈 현대차 부회장, '경영계의 오스카' 수상 쾌거장재훈 현대차그룹 부회장이 세계적 권위를 갖는 경영사상가 네트워크 '싱커스50(Thinkers50)'이 발표한 '2024 세계에서 가장 영감을 주는 리더 50인(이하 리더스50)'에 한국 기업인으로는 유일하게 이름을 올렸다.장 부회장은 '경영계의 오스카상'으로 불리는 이 리스트에 포함되며 경제적 성과는 물론 사회적 가치 등의 분야에서도 탁월한 리더십을 입증했다.싱커스50은 장재훈 부회장에 대해 ""고객경험 중심의 경영과 미래차 전환을 주도하며 현대차그룹의 정체성을 재정립했다""며 ""경제적 성과뿐 아니라 사회적 가치와 지속가능성 측면에서도 탁월한 리더십을 보여줬다""고 밝혔다.[서울=뉴시스] 권창준 고용노동부 차관이 8일 경기 용인시 CJ대한통운 용인센터에 방문해 작업환경을 둘러보고 있다. 2025.07.08. (사진=고용노동부 제공) *재판매 및 DB 금지CJ대한통운, 광복절 '택배 쉬는 날'…워라벨 확산 주도CJ대한통운 등 택배업계가 택배 종사자의 휴식권 보장을 위해 내달 14~15일 광복절 연휴 기간에 택배 배송을 일시 중단한다.16일 업계에 따르면 CJ대한통운은 8월 14~15일을 '택배 없는 날'로 정하고 택배 배송을 멈춘다.CJ대한통운이 택배기사 휴식권을 제도적으로 강화하면서 택배업계 전반으로 일과 삶의 균형을 뜻하는 '워라밸' 문화가 확산될지 주목된다. 자율적 합의 기반의 '택배 쉬는 날' 제도가 사회적 공감대를 형성하고 있는 만큼, 복지 확대 측면에서 다른 대형 택배사도 동참할 가능성이 있다는 전망이다.[서울=뉴시스] 서울 강남구 압구정에 위치한 마이바흐 브랜드센터 서울 1층. (사진=메르세데스벤츠 코리아 제공) photo@newsis.com *재판매 및 DB 금지'마이바흐'만을 위한 세계 첫 공간, 서울에 문 열었다메르세데스-벤츠 코리아가 세계 최초로 국내에 마이바흐 고객만을 위한 전용 전시장 및 서비스센터를 공식 오픈했다고 14일 밝혔다.서울시 강남구 압구정에 있는 마이바흐 브랜드센터 서울은 벤츠 그룹 AG와 벤츠 코리아, HS 효성더클래스가 협업해 완공했다. 총 5층의 전용 건물이며, 전체 연면적은 2795㎡(약 846평) 규모다.마티아스 바이틀 벤츠 코리아 대표이사는 ""기존 중국 상하이나 미국 뉴욕 등 다른 국가에 갖고 있는 시설보다 훨씬 규모가 큰 곳""이라며 ""정비 서비스 통합 시설은 브랜드센터 서울이 최초""라고 말했다.[서울=뉴시스] 현대제철 인천공장 전기로. (사진=현대제철 제공) *재판매 및 DB 금지美 ""전기료 무료"" 주장…韓 철강업계 ""오히려 지원 필요""미국이 철강에 고율 관세를 부과한 이유 중 하나로 저렴한 산업용 전기료를 꼽았다. 하워드 러트닉 미국 상무부 장관은 미국 CNBC 방송과의 인터뷰에서 50% 철강 관세 부과 이유를 설명하면서 한국·중국·일본의 저렴한 전기료가 일종의 보조금 역할을 한다고 주장했다.그러나 국내 철강업계는 이런 주장은 사실이 아니라는 입장이다. 국내 산업용 전기료가 낮지 않은 수준이며, 오히려 전기료 지원이 절실한 시기라는 말이 들린다. 산업용 전기료는 지난 2022년 이후 7회에 걸쳐 킬로와트시(㎾h)당 105.5원에서 185.5원으로 80원 올랐다. 특히 6~8월은 여름철로 계절별 차등화 정책에 따라 전기료가 더 비싼 시기이다.[서울=뉴시스]헌팅턴 잉걸스가 운영하는 미국 미시시피주 소재 잉걸스 조선소의 모습. (사진=헌팅턴 잉걸스 홈페이지) 2025.4.9. photo@newsis.com *재판매 및 DB 금지HD현대, 모로코에 거점…글로벌 조선 영토, 얼마나 늘렸나?HD현대가 해외 생산 거점을 북미와 아시아에서 아프리카로 확대한다. 업계에 따르면 HD현대중공업은 모로코 카사블랑카 조선소에 설계 및 자재, 기술지원 등을 제공하는 방안을 검토하고 있다. 조선업 성장을 원하는 모로코가 아프리카 최대 규모로 짓는 선박 건조 시설이다.HD현대가 이 조선소와 협력 관계를 맺으면 HD현대의 사업 영토는 아프리카로 더 확대된다. 여기에 미국과 페루의 조선소와도 협력 관계를 맺으며 미국과 남미에도 거점을 확보했고, 아시아에서는 인도와 필리핀에 협력 조선소를 두고 있다.[인천=뉴시스] 이영환 기자 = 인천 중구 대한항공 엔진 테스트셀에서 정비사들이 에어버스 A330 기종에 사용되는 PW4170 엔진 점검을 하고 있다. 엔진 테스트셀에 입고된 엔진은 오일·연료 계통, 진동·출력 검사 등을 통해 하늘에서 정상적인 성능을 낼 수 있도록 30여 시간에 걸쳐 확인한다. 정비사들이 구슬땀 흘려 정비한 항공기 엔진이 2022년 임인년 (壬寅年)에는 코로나19를 넘어 더 많은 승객과 화물을 싣고 비상하길 바라 본다. 2021.12.29. 20hwan@newsis.com항공업계 MRO '뜨거운 경쟁'…대한항공·한화 등 각축전항공기 유지·보수·정비(MRO) 시장이 향후 10년간 20% 성장할 것이란 전망이 나온 가운데 업체들의 경쟁도 치열해지고 있다.대한항공은 국내에서 연간 정비 능력을 높이는데 집중하고 있고, 한국항공우주(KAI)의 자회사 한국항공서비스(KAEMS)는 외항 고객사들을 확대하고 있다.한화에어로스페이스의 자회사 한화에비에이션도 미국 MRO 시설을 인수하며 행보를 넓히고 있다．"
골드만삭스에 울고 대법원에 웃고…SK하닉-삼전 '엇갈린 명암',https://n.news.naver.com/mnews/article/665/0000005453,"더스쿠프 위클리 증시7월 셋째주 Briefing상승과 하락 반복한 코스피9% 가까이 떨어진 SK하닉사법 리스크 해소한 삼성전자1390원대 웃돈 원·달러 환율820포인트 넘어선 코스닥# 상승세를 이어가던 국내 증시가 주춤한 모습을 보이고 있다. 지난 15일 3215.28포인트를 기록하며 연중 최고치를 경신했던 코스피지수는 이후 가다 서다를 반복하고 있다. 17일 3192.29포인트를 기록하며 상승세로 돌아서는 데 성공했지만 18일 3188.07포인트로 떨어졌다. 개인투자자가 이틀 연속 순매도세를 기록한 것이 부정적인 영향을 미쳤다.# 걱정거리는 또 있다. 외국인 투자자의 매수세가 약해지고 있다는 점이다. 10일 코스피 시장에서 4693억원을 기록했던 외국인 투자자의 순매수세는 17일 493억원으로 89.4% 감소했다. 물론 다음날인 18일엔 1878억원의 순매수세를 기록하긴 했지만 안심하긴 이르다. 외국인 투자자의 수급에 영향을 미치는 원·달러 환율이 1390원대로  상승하는 등 불안한 흐름을 보이고 있어서다. 시장에서 증시 급등 후 조정 가능성에 대비해야 한다는 목소리가 커지고 있다.Point엔비디아 덕분에 함박웃음을 짓던 SK하이닉스의 주가가 갑작스러운 하락세를 기록했다. 지난 14일 30만원을 찍었던 SK하이닉스의 주가는 이후 하락세로 돌아섰다. 17일에는 전 거래일 대비 8.95% 폭락하며 26만9500원으로 장을 마쳤다.글로벌 투자은행(IB) 골드만삭스가 SK하이닉스 투자의견을 매수에서 중립으로 하향 조정한 것이 악재로 작용했다. 골드만삭스는 ""2026년 AI 반도체의 핵심인 HBM(고대역폭메모리) 시장의 경쟁이 심화할 것""이라며 ""SK하이닉스의 주요 고객사로 가격 결정권이 이동하면서 HBM 가격이 처음으로 하락할 수 있다""고 분석했다.여기에 차익 실현 매물이 쏟아지면서 주가 하락을 부추겼다. 외국인 투자자는 17일과 18일 SK하이닉스의 주식을 각각 5634억원, 1349억원 순매도 했다.반대로 삼성전자는 사법리스크 해소 소식에 상승세를 기록했다. 17일 대법원은 자본시장법상 부정거래행위·시세조종, 업무상 배임 등 혐의로 기소된 이재용 삼성전자 회장의 상고심에서 무죄를 선고한 원심을 확정했다. 그러자 이날 삼성전자 주가는 전일 대비 3.09% 상승한 6만6700원을 기록했다. 상승세는 18일(6만6900원)에도 이어져 삼성전자의 주가는 연중 최고치를 경신했다. 국내 시가총액 1·2위 기업이 엇갈린 행보를 보인 셈이다.Market IndexBond원·달러 환율이 1390원대로 치솟았다. 6월 말 1350원대였던 원·달러 환율은 7월 들어 상승세를 타기 시작했고, 19일 전 거래일 주간거래 종가(1385.7원)보다 6.9원 오른 1392.6원에 거래를 마쳤다.16일(현지시간) 트럼프 대통령이 제롬 파월 미 연방준비제도(연준·Fed) 의장을 해임할 것이란 소식이 알려지면서 환율이 급등했다. 이후 트럼프 대통령이 해명에 나섰지만 시장의 불안감을 잠재우지는 못했다. 원·달러 환율이 18일에도 0.10원 오른 1392.70원을 기록하며 상승세를 이어갔다.FundStockSmall Cap강서구·최아름·김하나 더스쿠프 기자ksg@thescoop.co.kr"
